Genre,Chords
Blues,"['Gm7', 'G']"
Blues,"['Dm7b5/C', 'Cmaj7', 'Gm7', 'F/C', 'Cmaj7']"
Blues,"['E7', 'A7', 'Em', 'Bm7b5/A']"
Blues,"['E7', 'Em7']"
Blues,"['Fm', 'Cm', 'Bb/F', 'Fm']"
Blues,"['Gm', 'G', 'Am7', 'G', 'Gm', 'G']"
Blues,"['F7', 'Bb', 'F', 'Bb', 'F', 'Bb', 'F']"
Blues,"['Gm7b5/F', 'Bb', 'Fm7', 'Bb', 'Bbm7', 'Bb', 'Bbm7']"
Blues,"['Em7', 'E7']"
Blues,"['G7', 'Abmaj7', 'G', 'C#maj7', 'G', 'Gm6']"
Blues,"['Fm6', 'Bb/F', 'Fm', 'Fm7', 'Fm']"
Blues,"['A7', 'A/E', 'E', 'C#m7b5/B', 'A/E', 'Em', 'Em7b5']"
Blues,"['Bm', 'B', 'Bm', 'B', 'Bdim', 'Bm', 'B']"
Blues,"['Bb', 'Bbm7b5', 'Bb7', 'Bbdim', 'Bb', 'Bbm7', 'Bb']"
Blues,"['Bm', 'B', 'Bdim', 'Bm']"
Blues,"['Bm', 'Emaj7', 'Bm', 'E/F#']"
Blues,"['F#m7', 'Am', 'C6', 'A']"
Blues,"['D7/F#', 'A', 'Emaj7', 'A', 'E', 'F#m7b5', 'A7', 'D7/F#', 'A7/C#', 'F#m7b5/E', 'A', 'E7']"
Blues,"['B', 'F#7', 'E/B', 'G', 'Bm', 'F#7', 'Bm7b5', 'B7', 'Bm7b5', 'E']"
Blues,"['A', 'C#m7', 'Am', 'C#m7', 'A']"
Blues,['E']
Blues,"['F#m6', 'C#/B', 'B', 'C#', 'F#m', 'B7', 'F#m6', 'B6', 'F#m6']"
Blues,"['F6', 'C6', 'Bb7', 'F', 'F7', 'Fm6', 'Eb/Bb']"
Blues,"['A', 'Dm7', 'A', 'Am7']"
Blues,"['Emaj7', 'Bmaj7', 'Bb']"
Blues,"['Bb', 'Edim', 'Bb']"
Blues,"['Bb', 'Bdim', 'C#m7b5/B', 'Bmaj7', 'Bb', 'F7', 'Bdim', 'Bb', 'C#/B', 'Bmaj7']"
Blues,"['E', 'Bm', 'Em7', 'E', 'Em', 'Bbmaj7']"
Blues,"['Cmaj7', 'Bb']"
Blues,"['Dm', 'D7', 'Dm', 'G', 'F6', 'D', 'Cm', 'D7']"
Blues,"['Cm', 'Fm', 'Abm6', 'Gm7', 'Fm7', 'Gm7', 'Fm', 'Cm', 'Fm', 'Cm7']"
Blues,"['A', 'Cmaj7', 'D', 'G', 'A7', 'D6', 'Gmaj7', 'D']"
Blues,"['Cm7', 'F/C', 'Cm', 'C7', 'Cm7b5', 'F', 'Cm', 'Bb']"
Blues,"['F', 'G7', 'Bbmaj7', 'C7', 'F', 'Bbmaj7', 'Fmaj7', 'Gm7b5/F', 'Dm7', 'Fmaj7', 'Bb', 'F']"
Blues,"['D7', 'Ddim', 'Dm', 'Fm6', 'D', 'Dm7b5', 'G7', 'D', 'Dm7']"
Blues,"['Eb', 'Gm7', 'Cm7', 'Gm7', 'F', 'Gm7', 'Bb7/D', 'Eb', 'Gm7']"
Blues,"['Fm', 'Bb/F', 'Ab', 'Bb7', 'F', 'Bb', 'F', 'Bb', 'F']"
Blues,"['Fm', 'Cm', 'Bb/F', 'Fm']"
Blues,"['Ab/Gb', 'Gm7b5', 'Bb', 'Eb', 'Ebm', 'C7', 'Ebm', 'Eb', 'Ab7', 'Ebm', 'Ab7']"
Blues,"['Fm', 'Bb', 'F', 'C', 'F/A', 'Gm6', 'Cm7b5/Bb', 'F', 'Bbmaj7', 'Dm']"
Blues,"['C#', 'Eb7', 'C#', 'Eb7/G', 'Ab6', 'C#6', 'Ab6', 'Eb7', 'Ab', 'Abdim']"
Blues,"['Eb/Bb', 'Ab7', 'Eb', 'Bbm7', 'Ab7', 'Eb']"
Blues,"['B7', 'F#6', 'B', 'C#maj7', 'F#m7', 'C#', 'E/B', 'C#/D#', 'F#m7b5/E', 'F#']"
Blues,"['B6', 'E6', 'B6', 'F#7', 'Emaj7', 'F#maj7', 'B6']"
Blues,"['Ebm7', 'Abmaj7', 'Ebm7', 'Ab', 'Eb7']"
Blues,"['Eb6', 'Bb7/D', 'C#6', 'Ab', 'Ebm7', 'Bb7', 'Ebm', 'F#', 'Ebm6']"
Blues,"['Eb7', 'Ab7', 'Eb7', 'Bb7', 'Ab7', 'Ebm7', 'Ab7', 'Eb7', 'Bb7/D']"
Blues,"['Eb7', 'Ab6', 'Eb7', 'Bb7', 'Ab7', 'Eb7', 'Bb', 'Eb7', 'Eb6']"
Blues,"['Ebm7', 'Ab7', 'Eb7', 'Ab6', 'Ebm7', 'Ab7']"
Blues,"['Eb6', 'Ab', 'A', 'Bb', 'C#6', 'F#', 'A6', 'Ab7', 'Eb']"
Blues,"['E7', 'B', 'E/F#', 'E7', 'B', 'F#7', 'Bm6', 'E6', 'Bm6', 'F#m7']"
Blues,"['E', 'A6', 'E', 'B', 'C#m', 'Bm7', 'E', 'Em7b5', 'A6', 'E6', 'B7/D#', 'A/E']"
Blues,"['C/G', 'G7', 'C', 'C7', 'G6', 'Fmaj7', 'G', 'C/D']"
Blues,"['Ab7', 'Abm7', 'C#7', 'Abm7', 'Ebm7']"
Blues,"['A7', 'D/A', 'D7', 'A6', 'Bbdim', 'D7', 'A6', 'D6', 'A6']"
Blues,"['Gm6', 'Am7', 'C7', 'G7', 'Dm7', 'Gm6', 'C7', 'C/G', 'Dm7']"
Blues,"['Em7', 'A', 'Em7', 'Am7', 'E', 'D6', 'E', 'Em7', 'B7']"
Blues,"['F#7', 'B6', 'E7', 'Bm6', 'F#m7', 'A/E', 'B7/D#']"
Blues,"['C#7', 'B', 'C#', 'D', 'Ebmaj7', 'C#7', 'Abm7', 'C#7', 'Abm7', 'C#/D#', 'C#7']"
Blues,"['Gm7', 'F', 'C6', 'Gm7', 'Am7', 'Gm7']"
Blues,"['A6', 'Em7', 'D7', 'A7', 'D', 'A7', 'E7', 'Dm', 'A', 'Gm6', 'Am6']"
Blues,"['Bbm7', 'Fm7b5', 'Bbm', 'Fm7b5/Eb']"
Blues,"['F', 'Fm6', 'Bb6', 'Fm6', 'Cm', 'F/C', 'Bb6', 'F6']"
Blues,"['Cm', 'Fm6', 'Ab/C', 'F6', 'Ab/C', 'Dm7', 'Cm7', 'Fm7']"
Blues,"['Bb7/D', 'F6', 'Eb6', 'Fm', 'Dm7', 'Dm7b5/C', 'F6', 'Cm']"
Blues,"['C7', 'Fm7', 'C', 'Fm7', 'C']"
Blues,"['Dm7', 'Em7b5/D', 'Dm6', 'Am6', 'Em7b5/D']"
Blues,"['G6', 'C6', 'G6', 'C', 'D7', 'C', 'G6']"
Blues,"['Cm7', 'Bb7', 'F', 'Bb', 'F', 'C', 'Fm', 'F', 'Bb/C']"
Blues,"['C', 'Gm7', 'Gm6', 'C6', 'Gm6']"
Blues,"['Gm7b5', 'F', 'Cm', 'F', 'Bbm6', 'Bb/C', 'F', 'Gm7b5/F', 'F']"
Blues,"['Cm', 'F6', 'C7', 'F']"
Blues,"['D', 'C6', 'G6', 'G', 'C']"
Blues,"['Eb', 'Bb', 'Ebm', 'Ab', 'Eb', 'Ab', 'Eb', 'Bbm6', 'Ab7']"
Blues,"['Eb7', 'Ab6', 'Eb7', 'Bb7', 'Ab7', 'Eb7', 'Bb', 'Eb7', 'Eb6']"
Blues,"['C', 'Fmaj7', 'G', 'Fmaj7', 'C6', 'F7', 'C6']"
Blues,"['Bb6', 'F', 'Bb', 'Eb', 'Bb', 'F', 'Bb', 'Eb', 'Bb6', 'F']"
Blues,"['Bbmaj7', 'Gm7', 'F', 'Cm7', 'C', 'F6', 'Bb6']"
Blues,['Eb7']
Blues,"['Ebm7', 'Ebm', 'Ebm6', 'Ab6', 'Ebm']"
Blues,"['C', 'D', 'G6', 'C', 'D', 'G6', 'C', 'F6']"
Blues,"['Am7', 'G6', 'D7/F#', 'Gm7', 'G7', 'C7/E', 'G6']"
Blues,"['A', 'D6', 'A', 'D6', 'A', 'D', 'A', 'Dmaj7', 'Am7']"
Blues,"['F/C', 'Bb', 'F', 'Bb', 'F', 'Bb', 'F', 'Bb7', 'F']"
Blues,"['Eb6', 'Fm7', 'Cm7', 'Gm', 'Fm7', 'Cm7']"
Blues,"['C6', 'G6', 'Dm', 'G', 'D7', 'G6', 'D', 'C7', 'Am7', 'G6', 'G', 'D7', 'G', 'D', 'C7']"
Blues,"['Em7b5/D', 'G6', 'D7', 'G6', 'D7', 'Bb6', 'Em7']"
Blues,"['F#maj7', 'C#7', 'F#maj7', 'F7', 'F#maj7', 'Eb7', 'Abmaj7', 'C#', 'F#', 'C#7', 'F#m', 'F7', 'F#maj7', 'Eb7', 'Ab7', 'C#', 'F#', 'A/C#', 'F#7', 'Fm7b5/Eb']"
Blues,"['C7', 'Bbmaj7', 'Gm', 'D', 'G6', 'C7', 'F7', 'Bbaug', 'Dm7', 'Ebmaj7', 'F#', 'Eb/Db']"
Blues,"['G/A', 'Emaj7', 'A7', 'Emaj7', 'C7', 'A7', 'G', 'Adim', 'A7', 'Gaug', 'Em7b5']"
Blues,"['A6', 'E', 'B', 'A6', 'E6', 'B', 'A7', 'E', 'D6']"
Blues,"['Emaj7', 'G/D', 'E6', 'G6', 'E6', 'E7', 'G6', 'E6', 'B7']"
Blues,"['C#7', 'B/F#', 'F#', 'Ab7', 'E', 'Abm7', 'Em', 'Abm7b5', 'E', 'F#7', 'Eb', 'Abm7', 'F#', 'E', 'Abm7']"
Blues,"['B/A', 'E', 'B7', 'D/E', 'Emaj7', 'B', 'E', 'D/E', 'Emaj7', 'B7']"
Blues,"['Cm6', 'A6', 'Faug', 'E7', 'F#m7b5/E', 'A6', 'E7']"
Blues,"['F#m7', 'Bmaj7', 'Gm6', 'Abdim', 'A/C#', 'F#/C#', 'Bmaj7', 'Em6', 'B', 'Em', 'B', 'E7', 'A6']"
Blues,"['E', 'A', 'E', 'Emaj7', 'E', 'F#7', 'Emaj7', 'Amaj7', 'E']"
Blues,"['Bm', 'F#m7b5/E', 'Gmaj7', 'Cmaj7', 'F#m', 'Gmaj7', 'C', 'F#m', 'G', 'Em', 'C/D', 'C#m7b5']"
Blues,"['C7', 'F7', 'Am7b5/G', 'C7', 'G7', 'F7', 'C7', 'Gm7', 'C7', 'F7']"
Blues,"['Gm6', 'F7/A', 'Cm6', 'Bb/C', 'F7/A', 'Cm7', 'C7/E']"
Classical,"['D/E', 'C#m', 'Bm7', 'E6', 'D6', 'B', 'E7/G#', 'F#m7', 'D', 'Bm7', 'Em7', 'Dmaj7', 'Bm7', 'G6', 'D']"
Classical,"['Em7', 'Bm', 'Em', 'Bm', 'F#m', 'Gmaj7', 'Em', 'F#7', 'Bm', 'G', 'A7', 'Bb', 'Abdim', 'A7', 'D']"
Classical,"['F#m7', 'D', 'E7', 'A', 'D', 'E6', 'F#m7', 'Bm', 'E', 'A', 'D6', 'C#m7', 'E/D', 'A', 'Gmaj7', 'Em']"
Classical,"['F/A', 'Am', 'G/B', 'Cmaj7', 'C', 'Dm', 'G', 'C', 'Bb', 'Adim', 'Cm6', 'D', 'Eb', 'D7/F#', 'Gm']"
Classical,"['F/G', 'D7/F#', 'G6', 'Am7', 'G', 'Fmaj7', 'E7/G#', 'Am', 'E7', 'Am', 'D7/F#', 'Gm', 'C7', 'F', 'C7', 'F']"
Classical,"['C7', 'Fm', 'Bb7', 'Eb', 'Ab6', 'Bb6', 'Cm', 'Dm', 'Dm7b5', 'Eb', 'Fdim', 'Cm', 'F7/A', 'Eb', 'Cm6', 'Cm7', 'Abmaj7', 'Eb', 'Abmaj7']"
Classical,"['G7', 'Cm', 'Em6', 'Fm', 'G', 'Ab7', 'F', 'G7/B', 'C#/E#', 'Cm', 'Dm7b5', 'Fm', 'Ab', 'G7', 'Fm7', 'G7', 'Abmaj7', 'Fm', 'C7', 'Dm7b5', 'Cm']"
Classical,"['Bb7', 'Ebmaj7', 'Fm6', 'Gm7', 'Fm', 'Am7b5', 'Eb', 'Bb7', 'Dm7b5', 'Ab/Eb', 'Eb', 'Gm7']"
Classical,"['C6', 'C7', 'F', 'Gm7', 'F', 'Abmaj7', 'G/B', 'Cm', 'F', 'Bbmaj7', 'Ab/Eb', 'Bb/F', 'D7/F#', 'Gm', 'F', 'Bb']"
Classical,"['Fm', 'Eb', 'Fm6', 'Cm', 'Adim', 'C7/E', 'F#m7b5', 'Gm', 'Cm7', 'Ab/C', 'G/D', 'D7', 'Gm', 'D', 'Cdim', 'Gm', 'C6', 'Gm']"
Classical,"['C7', 'F7', 'Bb7', 'Eb', 'Bb', 'F7', 'Bb', 'F7', 'Bb', 'Cm', 'Bb', 'F7/A', 'Bb', 'F', 'C7', 'Bb', 'Gm']"
Classical,"['C', 'Cm', 'D7', 'G7', 'C7', 'Fm', 'C#maj7', 'Bdim']"
Classical,"['F', 'Bb', 'Gm', 'C7/E', 'F', 'C', 'Dm', 'G7', 'C']"
Classical,"['C', 'G', 'D', 'G', 'D', 'G', 'Am', 'G', 'A7', 'Dm', 'G7', 'C', 'F', 'C', 'G', 'Cmaj7', 'E', 'Dm']"
Classical,"['C', 'D7', 'G', 'D', 'G', 'D', 'G', 'D7', 'G', 'C/G', 'Am', 'G', 'C/G', 'G6', 'Am', 'Gmaj7']"
Classical,"['B', 'Em', 'Em7b5/D', 'A7', 'F#m7b5', 'B7', 'Em', 'Adim', 'Em', 'Adim', 'Em', 'Gdim', 'F#7/A#']"
Classical,"['Gmaj7', 'D', 'G', 'D6', 'G/D', 'D7', 'G', 'D7', 'G', 'G6', 'Am7', 'D7', 'G', 'Am', 'D', 'G']"
Classical,"['F', 'Am', 'Dm7', 'Adim', 'Am', 'A', 'Bm', 'E', 'A']"
Classical,"['Gdim', 'Fm', 'F7/A', 'Bb', 'Edim', 'Bb7']"
Classical,"['Eb', 'Ab', 'C#', 'Ab', 'Gm', 'Eb', 'Fm7', 'Abmaj7', 'Fm7', 'Gm7b5', 'Fm7', 'Eb', 'Abmaj7']"
Classical,"['Eb', 'Bb7/D', 'Fm', 'Bb7/D', 'Ebmaj7', 'Bb', 'Fm', 'Bb7', 'Eb', 'Ab', 'Bb']"
Classical,"['Bb', 'Gm6', 'F', 'Bb', 'Cm7', 'Dm7', 'Bbm', 'B', 'Bm', 'C#7', 'F#', 'C#7', 'F#m', 'Cdim', 'B7', 'Ebm', 'F7/A', 'Bb']"
Classical,"['F7', 'Bb', 'F', 'Eb', 'Bb', 'Eb6', 'Bb', 'C7', 'F', 'Dm', 'F7', 'Bb', 'Ebmaj7', 'Fmaj7', 'Cm', 'Bbmaj7']"
Classical,"['Bb', 'Eb', 'F7', 'Fm7b5/Eb', 'Bb7/D', 'Eb', 'Baug', 'Ab', 'Ebm7b5/Db', 'Eb', 'Bb7/D', 'Gm7']"
Classical,"['Gm6', 'A7', 'Dm', 'Bb', 'Gm', 'Eb', 'Fm7', 'Baug', 'D7', 'Cm', 'Gdim', 'D', 'Gm', 'Cm', 'D', 'Gm', 'Cm7', 'D/F#', 'Gm', 'Am7b5/G']"
Classical,"['Cm', 'D', 'Gm', 'Cm', 'F', 'Bb/D', 'Eb', 'F', 'Bb', 'Gm', 'Cm', 'Dm7', 'Bb6', 'Eb', 'G/D', 'Cm']"
Classical,"['C', 'G', 'C', 'G', 'Gm6', 'Cm6', 'Abdim', 'Gm7b5', 'F', 'Em', 'Dm', 'Gaug']"
Classical,"['C#m6', 'Dm', 'Bb', 'F/C', 'C7', 'A', 'Dm', 'Bb6', 'F/C', 'C7/E']"
Classical,"['D', 'G', 'C6', 'D7', 'G', 'C/G', 'G7', 'Cm', 'G7', 'C/G', 'G', 'C', 'G', 'C', 'F/C', 'D', 'G']"
Classical,"['G', 'Bb6', 'D7/F#', 'C/D', 'Dm', 'G7', 'Am', 'Bm7b5/A', 'C6', 'Dm', 'C', 'D7', 'G', 'Em', 'D']"
Classical,"['Gm7', 'Eb', 'Fm7', 'Gm7', 'C', 'Fmaj7', 'Eb', 'Abdim', 'Abm']"
Classical,"['Fm', 'C/G', 'Fm', 'E7/G#', 'Gm', 'Dm7b5', 'Gm7', 'Ebm']"
Classical,"['F#m', 'C#6', 'F#/C#', 'A/C#', 'F#/C#', 'C#', 'Ebm7b5/Db', 'C#7']"
Classical,"['A7', 'Fm', 'Abaug', 'C#maj7', 'Fm7b5/Eb', 'Dmaj7', 'C7']"
Classical,"['Gm7', 'C7', 'F', 'Bbmaj7', 'C7', 'Dm6', 'G7', 'C', 'F/C']"
Classical,"['C#m', 'F#7', 'Abm7b5/Gb', 'Abm7', 'C#7', 'Am', 'Dm7', 'E7/G#']"
Classical,"['F#m', 'Eb', 'D', 'C#', 'Bbm7b5', 'E', 'Ebm7b5/Db', 'D', 'Ebdim', 'G', 'Eb/Db']"
Classical,"['Bbm7b5/Ab', 'C7', 'F#7', 'C6', 'Bbm7b5/Ab', 'A', 'Em7', 'A', 'G6', 'Fmaj7', 'F#m7', 'G6', 'Am7b5/G', 'A', 'F6']"
Classical,"['G6', 'Bbm6', 'Cm7b5/Bb', 'D', 'D7', 'Em7b5', 'G6', 'F6', 'Gm', 'Bbmaj7', 'Am7b5/G', 'A/G', 'Gm6']"
Classical,"['E', 'F', 'B', 'G', 'Abm', 'Fm', 'Bm', 'Cm7b5/Bb', 'C#m', 'Fm7b5', 'Ab', 'F#7']"
Classical,"['Daug', 'Ab7', 'Dm7b5', 'Abdim', 'Ebm6', 'F#m7b5', 'Ab7', 'D7', 'F#', 'B/C#', 'Dm', 'F#', 'Ab7', 'F#m7b5', 'Gm7b5']"
Classical,"['Gm6', 'Fm6', 'Ab', 'C#m7', 'Gm7', 'F6', 'C7/E', 'Gm6', 'C', 'Bb']"
Classical,"['E', 'C', 'G7', 'Am', 'E', 'A', 'Am7', 'F/G', 'C', 'F/G', 'A', 'Am', 'E', 'C', 'G', 'Am', 'E', 'C']"
Classical,"['Eb', 'F7', 'Bb7', 'Eb', 'Ab/C', 'Bb7', 'Eb', 'Bb/D', 'Eb', 'Fm7', 'F#m', 'Gm', 'F', 'Bb']"
Classical,"['C7', 'C#maj7', 'Eb', 'F7', 'F#', 'Ab', 'Eb7', 'Ebm', 'Eb', 'Ab/Eb', 'Bbm']"
Classical,"['Em', 'Bm', 'F6', 'Am', 'Em', 'B7', 'E7/G#', 'D7/F#', 'Cmaj7', 'Em7b5/D', 'Dm', 'Am', 'Dm6', 'Am', 'Bm7b5/A', 'Am', 'Em', 'Dm', 'Cm', 'Gm']"
Classical,"['Gm', 'Ab', 'E7/G#', 'C#', 'F#aug', 'Bbm7b5/Ab', 'Abdim', 'Gdim', 'C#dim']"
Classical,"['G', 'Cmaj7', 'G6', 'A', 'Dmaj7', 'D7']"
Classical,"['Ab', 'Ebaug', 'Ebm', 'Abm', 'Eb', 'Abm', 'F#6', 'E7', 'D6', 'Cdim', 'F#', 'E', 'D', 'C#', 'F#', 'Bm', 'B7', 'Em7']"
Classical,"['Ddim', 'C', 'F', 'C', 'F', 'C', 'Cmaj7', 'C7', 'F', 'Ab7', 'Cm', 'F#dim', 'G7/B', 'C']"
Classical,"['Ab', 'C#maj7', 'F#', 'Eb7', 'Ebm7']"
Classical,"['Bm7', 'A', 'F#7', 'D', 'Cm6', 'C7', 'Cm', 'Em', 'G', 'Em', 'Bb']"
Classical,"['Bb7', 'Bmaj7', 'Dm7b5', 'F#m', 'C', 'Bbaug', 'Bbmaj7', 'Am7', 'F6', 'Bbaug', 'F#m7b5', 'F6']"
Classical,"['Eb', 'G', 'D', 'Bb', 'Ebmaj7', 'Cm', 'G', 'Bb/D', 'F', 'Cm', 'G', 'D', 'Bb', 'F', 'Cm', 'G']"
Classical,"['G7', 'C', 'Abm', 'Abaug', 'Fm', 'F', 'Bbm', 'C', 'Fm', 'Bdim', 'Eb/Bb', 'Bb', 'Eb']"
Classical,"['A', 'F#m', 'C#m', 'B', 'B7/D#', 'E7', 'A', 'F#m7', 'B7/D#', 'E7', 'A', 'B/F#']"
Classical,"['G', 'C', 'G', 'D', 'G']"
Classical,"['C', 'Bb', 'Bbmaj7', 'Ab', 'G', 'C', 'F']"
Classical,"['Em', 'G7', 'Dm7', 'G7', 'Dm7', 'G6', 'F/G', 'G7', 'C/G', 'Dm7', 'G6']"
Classical,"['Dm7', 'G7/B', 'C7', 'F', 'Em7', 'Fmaj7', 'G6', 'Am', 'E7/G#', 'Fmaj7', 'Em7', 'F', 'Dm7b5', 'Cmaj7', 'Cm7b5/Bb', 'Dm7', 'C', 'F6', 'Bb', 'Em7', 'C7']"
Classical,"['Fmaj7', 'C', 'Fm', 'F6', 'Bb6', 'F7', 'Dm', 'C#maj7', 'Bm7b5', 'G6', 'Am7', 'Bm', 'G7/B', 'Em7', 'Abaug', 'Am', 'Em', 'D6', 'Abaug', 'F6']"
Classical,"['F/C', 'C6', 'D7', 'Cmaj7', 'F', 'C6', 'Bm7b5', 'C', 'Bm', 'Am', 'Dm7', 'C6']"
Classical,"['F7', 'Bb', 'F7', 'Bb', 'F7', 'Bb', 'Fm7', 'Bb', 'C', 'Bbmaj7', 'C', 'Gm7b5/F', 'Dm', 'C']"
Classical,"['Bb', 'Eb', 'Gm7', 'Cm', 'F', 'Bb/F', 'F7', 'Bb', 'Bmaj7', 'F#maj7']"
Classical,"['C#m', 'Ab', 'E', 'A', 'C#m']"
Classical,"['C#', 'Ebm', 'C#', 'F#m', 'Bm', 'A', 'G6', 'G7', 'Bb', 'Ebmaj7', 'Ebdim', 'Cm', 'Bb7']"
Classical,"['G', 'Cm', 'Gm7', 'Ab', 'Eb7', 'Ab', 'Eb7', 'Ab', 'Gdim', 'Bb', 'Cm', 'Bb']"
Classical,"['Cmaj7', 'G7', 'Cm', 'C', 'F', 'C', 'Ddim', 'C', 'G7', 'C/G', 'Edim']"
Classical,"['Fmaj7', 'Gm7b5/F', 'F', 'Bb', 'F', 'C', 'F', 'Bbmaj7', 'Gm7', 'Em7b5', 'F']"
Classical,"['Dm', 'Gm7', 'C7', 'F', 'C7', 'F', 'C7', 'F', 'C/E', 'Dm', 'Bb6', 'C7', 'F', 'C7']"
Classical,"['Dm', 'A', 'C6', 'Fmaj7', 'Bb6', 'Cm7', 'F', 'Bb6', 'Cm7', 'F', 'Cm', 'Eb', 'F#dim', 'Gm', 'Dm', 'F', 'Abdim', 'A', 'Dm', 'A', 'Dm']"
Classical,"['F', 'Dm7', 'Bb', 'Bdim', 'Cmaj7', 'C7', 'F', 'Gm7', 'C6', 'Bbmaj7', 'C7/E', 'Bbm', 'C7/E', 'F', 'Gm', 'Cmaj7', 'C']"
Classical,"['Daug', 'Dm6', 'Eb6', 'Fm7b5', 'G/B', 'Cm', 'Bm', 'Cm', 'Bb/F', 'F', 'Bbmaj7', 'Bb/D', 'Eb', 'Bb']"
Classical,"['F', 'C7', 'F', 'Bb', 'F7', 'Bb', 'F', 'Gm7', 'Cm', 'Bb', 'F', 'Bb']"
Classical,"['Bbmaj7', 'Gm6', 'F', 'Bb/F', 'F', 'Bb/F', 'F', 'Bb', 'Am7b5/G', 'Gm', 'Bb/F', 'Fmaj7']"
Classical,"['Fm', 'Bbm6', 'C7', 'C#', 'Fm', 'Bbm7', 'Fm', 'C7', 'Fm', 'Gdim', 'C7', 'Fm', 'Cmaj7', 'Fm']"
Classical,"['Fm', 'Eb', 'Bb7/D', 'Eb', 'Bb7/D', 'Eb/Db', 'Cm7', 'Ab', 'C#maj7', 'Cm', 'C#6', 'Abmaj7']"
Classical,"['Adim', 'G', 'D7', 'G', 'C7', 'Fm', 'Bb7', 'Eb', 'Abmaj7', 'Fm', 'Ddim', 'Fm', 'Bdim']"
Classical,"['Ab', 'Eb7', 'Ab', 'Eb7/G', 'Abmaj7', 'Ab6', 'Eb', 'Gm7b5', 'Eb7/G', 'Ab', 'F7', 'Bbm', 'Eb7', 'Ab']"
Classical,"['Ebmaj7', 'Bb7/D', 'Daug', 'Bmaj7', 'Ebm', 'Bb7', 'Eb', 'Ab', 'Eb', 'Bb', 'Eb', 'Abmaj7', 'Abm']"
Classical,"['C#m6', 'C7', 'Baug', 'B7', 'Emaj7', 'Em', 'B/D#', 'N']"
Classical,"['Bm', 'E7', 'A', 'D6', 'A', 'Bm', 'D', 'A', 'Em', 'Bm', 'E7', 'A7', 'Dmaj7']"
Classical,"['Gm6', 'G7/B', 'A7', 'G7', 'D', 'Gm7', 'F#', 'C', 'Dm6', 'C6', 'G', 'Gm7', 'Fm7', 'Bmaj7', 'Bbm7b5', 'Bb7']"
Classical,"['F', 'Bb', 'F', 'Bb6', 'F', 'Am', 'Dm', 'Am', 'Dm', 'C7', 'F6']"
Classical,"['Fm7', 'Ebmaj7', 'Cm', 'Gm', 'Cm', 'Gm', 'Cm7', 'Gm7b5/F', 'Fm7', 'Bb/F', 'Ebmaj7', 'Fm7', 'Bb6', 'Ebmaj7']"
Classical,"['Gm7', 'C7', 'Eb', 'Bbmaj7', 'Eb6', 'Bb6', 'Cm7', 'Bbmaj7', 'Cm7', 'Gm', 'Dm7', 'Am', 'F6', 'Em7']"
Classical,"['Bb7', 'Eb', 'Ab6', 'Eb', 'Ab6', 'Eb', 'Fm', 'Eb', 'Ab6', 'Eb', 'Bb7']"
Classical,"['A7', 'D', 'Gmaj7', 'E7', 'A7', 'D', 'G7', 'Am7', 'D7', 'G', 'G6', 'Am7', 'G6', 'D6', 'G', 'D7', 'G']"
Classical,"['Ab6', 'Abmaj7', 'Ab/Eb']"
Classical,"['E', 'C#m7b5/B', 'C#/E#', 'A/G', 'C#7/E#', 'C#m7b5/B']"
Classical,"['A/G', 'B', 'Emaj7', 'A', 'Ebm7b5', 'Ab', 'C#m', 'Eb7/G', 'Eb']"
Classical,"['E', 'E', 'A', 'F#', 'B', 'Ab', 'C#m', 'Am6', 'E', 'F#m', 'C#m', 'Ab']"
Classical,"['C6', 'B7', 'Em', 'Am', 'B7/D#', 'Am', 'Daug', 'Bbm7b5', 'Am', 'F#7/A#', 'Bbm7b5']"
Classical,"['G7', 'C', 'G7', 'C', 'F', 'C/E', 'Dm7']"
Classical,"['Gm', 'D7/F#', 'Am7b5/G', 'D', 'Gm', 'D/F#', 'Gm', 'Ab', 'Cm', 'Gm', 'D7', 'Gm', 'Ab/C']"
Classical,"['Bb', 'Eb', 'Bb', 'Bm6', 'Cm']"
Classical,"['Gm', 'D', 'Gm', 'D', 'Gm', 'G', 'Cm', 'A7', 'Dm', 'Dm']"
Classical,"['Am', 'A7', 'Dm', 'G', 'C/G', 'Am', 'A7']"
Classical,"['F', 'C', 'F', 'Gm7', 'C', 'F', 'Bb', 'F', 'Bb', 'F']"
Classical,"['D7/F#', 'E7/G#', 'Ebdim', 'Cm', 'Ebm6', 'Bbm6', 'B/A', 'G6']"
Country,"['F#m6', 'D6', 'E6', 'D6', 'F#', 'B6', 'Ebm', 'Abm7', 'F#', 'B6']"
Country,"['B', 'F#', 'E', 'F#', 'E6', 'F#', 'E', 'F#', 'Emaj7', 'F#']"
Country,"['A', 'D', 'A', 'E', 'A', 'B7', 'A', 'D', 'Amaj7', 'B6']"
Country,"['C', 'G', 'Am', 'D', 'C', 'G', 'D6', 'Am7', 'D', 'C', 'G']"
Country,"['E', 'B', 'Amaj7', 'E/G#', 'F#m7', 'B', 'E', 'F#m7', 'B/F#', 'E', 'A', 'E/G#']"
Country,"['G', 'C6', 'G6', 'C', 'G6', 'F', 'C', 'D6', 'Em7', 'Cmaj7']"
Country,"['Eb', 'Bb/F', 'Eb6', 'Gm', 'F', 'Eb', 'F6', 'Bb', 'Fm', 'Eb6', 'Bb/F', 'Eb', 'F', 'Bb']"
Country,"['Bbm7', 'C#', 'Eb7', 'Ab', 'C#/G#', 'Ab', 'Cm', 'Fm', 'C#', 'Eb', 'Fm', 'C#', 'Ab', 'C#', 'Eb6', 'Ab']"
Country,"['E', 'A', 'E/B', 'B7', 'E', 'A', 'C#m7b5/B', 'B6', 'E']"
Country,"['G7', 'C', 'Gm', 'F6', 'G', 'C', 'G', 'Bbm6', 'A7', 'G']"
Country,"['G7', 'C', 'Em7b5/D', 'F', 'C6', 'C', 'G7', 'G6', 'C', 'F']"
Country,"['D6', 'G', 'D', 'E/B', 'Dm', 'D', 'G']"
Country,"['C/D', 'F', 'C', 'G7', 'C', 'F', 'C', 'G', 'C', 'F', 'C', 'G7']"
Country,"['A6', 'E6', 'A', 'D/A', 'A6', 'E6', 'A6', 'D/A', 'A6']"
Country,"['D', 'Amaj7', 'E6', 'A6', 'D', 'A', 'Ebm7b5/Db', 'C#m7', 'Dmaj7', 'Gmaj7', 'E', 'A', 'D']"
Country,"['Ab', 'Eb', 'C#6', 'Ab6', 'Gm7b5/F', 'Ab', 'Abm', 'C#/E#', 'Ab', 'Eb', 'C#6', 'Ab/Eb']"
Country,"['Fmaj7', 'Bb/F', 'F', 'C', 'F/G', 'Bb/F', 'F', 'Bb/F', 'F/C', 'Bb/F', 'Cm7']"
Country,"['D', 'G', 'C', 'A', 'D', 'Gmaj7', 'D6', 'A7', 'D', 'A7']"
Country,"['F/C', 'Bbmaj7', 'Fmaj7', 'C', 'F', 'Bbmaj7', 'F']"
Country,"['C', 'G', 'Cmaj7', 'F/C', 'F#dim', 'C', 'A7', 'D7', 'G7', 'C', 'F']"
Country,"['Ebm', 'F7', 'Bb', 'Cm', 'Bb', 'Eb6', 'F7', 'Bb']"
Country,"['F', 'Bb', 'Am', 'D7', 'F/G', 'Gm7', 'C7', 'F', 'C6', 'Bbmaj7', 'C6', 'Am', 'D']"
Country,"['Abm7', 'Ebm', 'C#m', 'F#6', 'B', 'Abm', 'Ebm', 'Dmaj7', 'C#m', 'F#7', 'B', 'Ab', 'C#m', 'F#7', 'Bmaj7']"
Country,"['F', 'Cm', 'F6', 'Bb', 'F', 'Bm7b5', 'C7', 'E7', 'F', 'Bbmaj7']"
Country,"['F', 'G', 'C', 'F', 'C', 'D7', 'G', 'C', 'F']"
Country,"['Em', 'C', 'D/A', 'Am', 'G', 'B7', 'Em', 'Bm7b5', 'C', 'Dmaj7', 'G', 'F', 'C']"
Country,"['C', 'D', 'G', 'D', 'G', 'D', 'G', 'C']"
Country,"['E', 'D', 'A', 'E', 'A', 'D', 'A', 'E', 'D', 'A', 'D']"
Country,"['D', 'A7', 'D', 'F#aug', 'G', 'Em', 'G', 'D', 'A7', 'D', 'G', 'A7', 'D', 'B', 'Baug']"
Country,"['Fm', 'F#', 'Ab', 'C#', 'Bbm', 'F#', 'C#', 'F#', 'Ab', 'C#', 'Cm6', 'C#6', 'F#', 'Ab', 'C#']"
Country,"['G', 'D', 'G', 'Em', 'A7', 'F#m', 'D', 'G', 'D']"
Country,"['F', 'C', 'F', 'Eb', 'Bb', 'F', 'C']"
Country,"['E', 'A', 'B']"
Country,"['B/F#', 'Emaj7', 'B', 'Emaj7', 'B', 'Emaj7', 'F#', 'B', 'E', 'A', 'E', 'A', 'E', 'B6']"
Country,"['D6', 'G7', 'D6', 'A7', 'D', 'G7', 'Bm7', 'A7', 'D7', 'G', 'D6', 'A7', 'D6', 'A', 'D/A']"
Country,"['C', 'F', 'C', 'F', 'Bbmaj7', 'F', 'E', 'Gm7', 'F', 'Bb/F']"
Country,"['C#', 'F#/C#', 'C#']"
Country,"['F#', 'Ab', 'C#', 'Bbm', 'Eb7', 'Ebm7', 'Ab7', 'Bbm7', 'Cm7', 'C#', 'Abm6', 'C#/D#', 'F#', 'C#/E#', 'Ebm', 'C#/E#']"
Country,"['G7/B', 'Em7', 'Dm6', 'C', 'Gmaj7', 'Em7', 'C']"
Country,"['A6', 'A']"
Country,"['G6', 'Cmaj7', 'D7', 'Em7', 'C/E', 'Em7', 'D/E', 'C/E', 'A/E', 'D6', 'Em7']"
Country,"['D', 'A', 'Cmaj7', 'D', 'A', 'C6', 'D7', 'A', 'C', 'D', 'A', 'C6']"
Country,"['Am', 'D', 'E', 'A', 'D7', 'A7', 'D7', 'A', 'D7', 'A', 'E7', 'D/E', 'A/E', 'G6']"
Country,"['G', 'Am', 'D', 'A', 'D', 'G']"
Country,"['Amaj7', 'E', 'Abm7', 'A', 'B', 'C#m', 'B', 'Amaj7', 'E/G#', 'F#m', 'A/B', 'B7', 'Emaj7', 'A6', 'E']"
Country,"['Ab', 'C#maj7', 'Eb', 'Ab', 'C#maj7', 'Eb']"
Country,"['A', 'D/A', 'G', 'Dm', 'D/A', 'E7', 'A', 'Dm', 'G6', 'Dmaj7', 'A', 'D']"
Country,"['G', 'C', 'F', 'C', 'G7', 'C', 'F', 'C', 'G', 'C']"
Country,"['Bb', 'F/C', 'Bbm', 'Eb', 'Bb', 'F', 'Bb6', 'Ebmaj7', 'Bb', 'F', 'Bb', 'Ebmaj7', 'Bb']"
Country,"['G', 'C6', 'G', 'C', 'G', 'D7', 'G', 'C6', 'G']"
Country,"['Am7', 'F', 'G', 'F', 'G', 'F', 'G', 'Am', 'F6', 'G6', 'C', 'Am']"
Country,"['E', 'A', 'E/B', 'B', 'E', 'A', 'E/B', 'B', 'E']"
Country,"['G', 'C6', 'F', 'Bb', 'F', 'Bb', 'F', 'C6', 'F', 'C', 'F']"
Country,"['A', 'C', 'D', 'A', 'D', 'A', 'D', 'A']"
Country,"['Bb', 'Eb', 'Bb7', 'Eb', 'Abmaj7', 'Bb']"
Country,"['C#m7', 'B', 'E', 'A/C#', 'B', 'A', 'B', 'A', 'B7/D#', 'E', 'A', 'B', 'E', 'F#m', 'Abm7']"
Country,"['Bb', 'F', 'Bb', 'F', 'C']"
Country,"['Bbm7', 'Ab', 'F#', 'Ab', 'Ab/C', 'C#/E#', 'Bbm7', 'Ab', 'F#', 'Ab6', 'Bbm', 'Ab', 'C#', 'F#']"
Country,"['Eb6', 'Ab', 'Bb', 'Eb', 'Ab6', 'Eb']"
Country,"['Eb/G', 'Ab', 'Fm7', 'Eb/Bb', 'Bb', 'Ab', 'Eb/G', 'Cm', 'Abmaj7', 'Bb', 'Eb']"
Country,"['F', 'G7', 'C', 'F', 'C7', 'F', 'G7']"
Country,"['A', 'D', 'G', 'A', 'G', 'A', 'D', 'G', 'A', 'D', 'G', 'A', 'D', 'G']"
Country,"['Dm', 'Gm', 'Dm7', 'D', 'Am7', 'Dm', 'Am7', 'G', 'Dm7']"
Country,"['Gmaj7', 'D6', 'Gmaj7', 'F#7', 'Bm', 'A/B', 'Gmaj7', 'F#7', 'Bm7']"
Country,"['Dm', 'Am', 'Bb', 'C', 'F', 'Dm7', 'Bb', 'C7', 'F', 'Dm7', 'Bb6', 'C', 'Fm', 'Ab/Eb', 'Eb', 'Ab']"
Country,"['B', 'E', 'Fmaj7', 'Ab7', 'A', 'C#/G#', 'F#m', 'E', 'B', 'A6', 'Ab7', 'F#', 'E/B']"
Country,"['G', 'A/E', 'D', 'G', 'A7', 'D']"
Country,"['Gdim', 'C#/G#', 'Bb', 'Ebm7', 'Ab7', 'Faug', 'Bb7', 'Ebaug', 'Ab', 'C#', 'F', 'Bbm', 'Abm', 'F#maj7']"
Country,"['D', 'A', 'D', 'F#/C#', 'Bm', 'E7', 'D', 'A7', 'D', 'F#/C#', 'Bm']"
Country,"['A', 'D', 'G', 'D', 'G', 'D', 'G', 'D', 'A', 'D', 'G']"
Country,"['Ab', 'A6', 'B6', 'E', 'A', 'E', 'A', 'E', 'B', 'E']"
Country,"['D/A', 'Abm7b5', 'G', 'D', 'Gmaj7', 'Em', 'A', 'D', 'G', 'A7', 'D']"
Country,"['Dmaj7', 'Bm', 'F#m', 'A', 'E', 'Bm', 'F#m', 'A7', 'D', 'G']"
Country,"['B', 'E/B', 'A', 'B', 'E/B']"
Country,"['C6', 'G', 'D7', 'G', 'Cmaj7', 'G', 'D7', 'G', 'Cmaj7']"
Country,"['Am', 'A7', 'D7', 'G', 'Abmaj7', 'A7']"
Country,"['Gmaj7', 'D', 'E/B', 'A', 'D', 'F#dim', 'G', 'D6', 'A', 'D', 'Gmaj7', 'D', 'G6', 'D']"
Country,"['F', 'C', 'Eaug', 'F', 'Bb', 'F', 'C7', 'F']"
Country,"['A', 'C#m', 'D', 'A', 'Bbdim', 'B', 'A/B', 'E', 'F7', 'Abm7b5/Gb', 'E7/G#', 'A']"
Country,"['C/E', 'G', 'F', 'C/E', 'F', 'C6', 'C', 'G/B', 'Am', 'C/G', 'F', 'F6', 'C']"
Country,"['D6', 'D', 'G', 'D', 'D6', 'D', 'G']"
Country,"['E', 'A', 'E', 'A', 'D', 'E', 'Eb7', 'D']"
Country,"['C', 'G7', 'Cm', 'C6', 'G7']"
Country,"['F#/C#', 'C#m', 'A', 'B6', 'A/E', 'E', 'B7/D#', 'A/C#', 'C#m7', 'A', 'B', 'E', 'B7/D#', 'C#m7', 'B6']"
Country,"['D', 'C', 'G', 'C', 'D6', 'G6', 'C', 'G', 'Cmaj7']"
Country,"['A', 'D/A', 'E6', 'A', 'D/A', 'A', 'D/A', 'E', 'E7', 'A']"
Country,"['Bb', 'Eb', 'Bbmaj7', 'G', 'Cm7', 'F7', 'Bbmaj7', 'C#m', 'Eb6', 'Dm7', 'Bb', 'Dm', 'Cm7', 'F7', 'Bb', 'F6']"
Country,"['G6', 'D', 'Cmaj7', 'D', 'Am', 'Cmaj7', 'Am', 'C', 'D', 'G/B', 'C']"
Country,"['E/B', 'Amaj7', 'F#', 'B', 'A']"
Country,"['D/A', 'E7', 'A', 'Bm', 'E', 'A', 'D/A', 'A', 'Bm', 'G', 'A/G']"
Country,"['E', 'B/D#', 'E', 'B', 'E6', 'B', 'E', 'B', 'E/F#', 'Amaj7', 'E', 'Amaj7']"
Country,"['Cm', 'C#maj7', 'Bb', 'Ab6', 'Eb', 'Ab', 'Bb', 'Eb', 'Ab', 'Ebmaj7', 'Cm']"
Country,"['Em', 'Cmaj7', 'G', 'Em', 'C', 'D', 'Em', 'Cmaj7', 'G', 'A7', 'C', 'D', 'G', 'Cm7', 'G', 'D7', 'G']"
Country,"['G', 'D', 'G', 'D/F#', 'E', 'A', 'A7', 'D/A', 'Bm7b5/A', 'G', 'F#m7b5', 'Em7', 'D']"
Country,"['C', 'G', 'G7', 'C', 'F', 'C', 'G7/B', 'Cmaj7']"
Country,"['Eb', 'F', 'Bb6', 'F', 'Bb6', 'Ebmaj7', 'Gm', 'Cm', 'F/C']"
Country,"['G', 'C', 'G', 'Cmaj7', 'C6', 'D', 'G', 'Cmaj7', 'G']"
Country,"['F', 'C6', 'Gm7', 'F/A', 'Bb', 'F', 'Bb', 'F', 'Dm', 'C6', 'Gm7']"
Country,"['G', 'F', 'G', 'Cmaj7', 'C6', 'Dm7b5/C', 'C', 'Cmaj7', 'C6', 'F', 'G']"
Country,"['B', 'F#', 'B', 'F#', 'B6', 'B7', 'Emaj7', 'C#7', 'F#7', 'Bm']"
Disco,"['Bm7', 'A6', 'Em7', 'A6', 'Bm7', 'A6', 'Em7']"
Disco,"['Fmaj7', 'Bdim', 'F#m7b5/E', 'Emaj7', 'Am', 'Dm7', 'G', 'Cmaj7', 'Fmaj7', 'Bm7b5', 'E', 'Am', 'Dm7', 'G']"
Disco,"['Dmaj7', 'Em7', 'F#m7b5', 'Gmaj7', 'F#m7', 'Gmaj7', 'F#m7', 'Gmaj7', 'Dmaj7', 'Fmaj7', 'Am7', 'Dm']"
Disco,"['Cm6', 'F7', 'Cm7', 'F', 'Cm7', 'F/G', 'Cm7']"
Disco,"['E', 'A', 'E', 'A', 'B', 'C#m', 'B', 'A', 'E', 'B7']"
Disco,"['Am', 'Dm7', 'G/D', 'Am7', 'Dm7', 'Am7', 'Dm7', 'Em7', 'A7']"
Disco,"['C#m7', 'F#6', 'Ab', 'C#m7', 'F#m', 'Ab', 'C#m7']"
Disco,"['A', 'B7/D#', 'Dm', 'A', 'B/A', 'Dm', 'C#7']"
Disco,"['Abm7', 'F#/A#', 'C#', 'Abm7', 'C#', 'Ebm7', 'Abm7']"
Disco,"['Cm7', 'Bb/F', 'Cm7']"
Disco,"['C#6', 'Ebm', 'C#6', 'Ebm7', 'Bbm7', 'F#maj7']"
Disco,"['Am7', 'Cmaj7', 'D']"
Disco,"['Am7', 'D7', 'Am7', 'D7', 'F', 'Cmaj7', 'Am7']"
Disco,"['E7', 'A6', 'Em7', 'A7', 'G7/B', 'E7']"
Disco,"['Fm7', 'Bb7', 'Fm7', 'Bb', 'Eb', 'Fm7', 'Bb']"
Disco,"['Fmaj7', 'D6', 'Am7', 'Em7', 'D6', 'Em7', 'D6', 'Em7', 'Am7', 'G6']"
Disco,"['A/C#', 'Bm7', 'A/C#', 'Bm7', 'A6', 'Bm7', 'A/C#', 'Bm7', 'Emaj7', 'A/C#', 'Bm7', 'A/C#', 'Bm7']"
Disco,"['Ebmaj7', 'Cm7', 'Bb', 'Cm7', 'Gm7', 'Cm', 'Bb', 'Cm', 'Bb']"
Disco,"['E6', 'B6', 'C#m7']"
Disco,"['Eb', 'Bbmaj7', 'Eb', 'Cm7', 'F', 'Bb', 'Ebmaj7', 'Bbmaj7', 'Eb', 'Bb', 'Ebmaj7']"
Disco,"['E6', 'B', 'D6', 'E', 'B', 'D6', 'E', 'B', 'Ebm', 'Adim', 'A6', 'E', 'Ab', 'C#m']"
Disco,"['C', 'Cm7', 'D7/F#', 'C#maj7', 'C', 'F6', 'Gm']"
Disco,"['Bm', 'Em7', 'Bm7', 'E7', 'Bm7', 'Em7', 'Bm7', 'Em7']"
Disco,"['Cm7', 'Fm7', 'Bbm7', 'G7/B', 'Cm7', 'Fm7', 'Gm7', 'Abmaj7', 'Bb6', 'Abmaj7', 'Bb', 'Abmaj7', 'Bb6']"
Disco,"['Ebm', 'C#', 'F#', 'C#', 'Abm', 'B', 'C#', 'F#', 'C#', 'Abm']"
Disco,"['Fm', 'Bbm', 'Fm', 'Bbm', 'C#', 'C7', 'C#maj7', 'F6']"
Disco,"['Gm7', 'F6', 'Gm7', 'Dm', 'Ebmaj7', 'F6', 'Gm7', 'F6', 'C', 'Bb', 'C', 'Bb6', 'C', 'Bb']"
Disco,"['Amaj7', 'Am7', 'Emaj7', 'A6', 'E6', 'A6', 'Em7', 'D6']"
Disco,"['Gm', 'C', 'D', 'Gm7', 'Cm6', 'Dmaj7', 'Gm7', 'C6', 'Gm7', 'Cm', 'Gm']"
Disco,"['B6', 'C#m', 'F#m7b5', 'Emaj7', 'F#m7b5/E', 'Amaj7', 'C#m7', 'B']"
Disco,"['D', 'D7', 'Gmaj7', 'E', 'Am7', 'D7', 'G']"
Disco,"['G', 'C#m7b5', 'F#m7', 'Bm', 'Em7', 'F#m7', 'Bm7', 'G', 'C#m7', 'F#m7', 'Bm7', 'Em7']"
Disco,"['F', 'A', 'F6', 'G7', 'F6', 'G7']"
Disco,"['F', 'Gm7', 'F/A', 'Bbmaj7', 'Bb/C', 'F', 'Gm7', 'F/A', 'Bbmaj7', 'C/Bb', 'Am7', 'Dm']"
Disco,"['F#7', 'G6', 'D', 'G', 'D', 'G', 'D', 'G', 'D', 'G', 'D', 'Dm', 'Gmaj7', 'G6', 'Bm']"
Disco,"['Ebm', 'Bb7/D', 'Ebm7', 'C#6', 'Ebm', 'Abm', 'Ebm', 'Bb', 'Bmaj7', 'Bbm']"
Disco,"['F6', 'Gm7', 'Em7', 'Dm7', 'Bb', 'C/D', 'Gm7', 'A7', 'Dm7']"
Disco,"['F#', 'Bbm', 'Ab7', 'F#']"
Disco,"['Bb', 'Am7b5/G', 'F', 'Eb', 'C#', 'Bb', 'F6', 'Am6', 'Bb6', 'F', 'Am6', 'Bb6', 'Am7']"
Disco,"['C', 'G', 'C/G', 'G', 'C6', 'D7', 'Em7', 'C6', 'D', 'G']"
Disco,"['Gm7', 'C', 'Dm', 'Gm7']"
Disco,"['D6', 'Em7', 'Bm7b5/A', 'Dmaj7', 'Bm7', 'G', 'D6', 'Ebm7', 'Em7', 'G/A', 'A7', 'Dmaj7']"
Disco,"['G', 'D', 'Dm7', 'G', 'E', 'C', 'G', 'Dm', 'E7', 'C', 'G']"
Disco,"['Fmaj7', 'C', 'Gm', 'F', 'C', 'E', 'Am', 'G', 'F', 'Am', 'G', 'F', 'C6', 'Fmaj7']"
Disco,"['Ab6', 'Bbm', 'Eb', 'Ab/Eb', 'C#', 'Ab', 'Eb', 'Ab', 'Fm', 'Eb', 'Ab']"
Disco,"['Bb6', 'Cm7', 'Bb', 'Cm7', 'Bb', 'Cm7', 'Bb', 'Cm7', 'Bb']"
Disco,"['Gm', 'F7', 'Gm', 'F7/A', 'Gm', 'C', 'D', 'Gm', 'Cm', 'Dmaj7', 'Ebmaj7']"
Disco,"['Dm7', 'Em7b5', 'Fmaj7', 'Gaug', 'C', 'B7', 'Bb7', 'A7', 'Dm7', 'Em7', 'Fmaj7', 'Bm7b5', 'E7', 'Am']"
Disco,"['Em7', 'D', 'Em7', 'D6', 'Em7', 'D', 'Em7', 'D', 'Em']"
Disco,"['B6', 'F#', 'E7', 'B6', 'E', 'B6', 'F#', 'E7']"
Disco,"['Cm7', 'Fm7', 'Cm7']"
Disco,"['Cm7', 'Fm7', 'Cm7']"
Disco,"['Bb', 'Cm7', 'D', 'Gm7', 'Bb', 'Cm', 'Bb', 'Cm7', 'D', 'G', 'Am', 'D7', 'Am']"
Disco,"['Ab7', 'Ab', 'B6', 'C#', 'Eb', 'F#6', 'C#', 'B', 'Ab', 'B', 'C#', 'Eb', 'F#6']"
Disco,"['Em7', 'Fmaj7', 'Em', 'Am7']"
Disco,"['Cm7', 'Fmaj7', 'Bb', 'Am7', 'Fmaj7', 'Bbmaj7', 'C', 'Bbmaj7', 'Cm7', 'Bbmaj7', 'Cm7']"
Disco,"['Bm7', 'Am7', 'Bm', 'C6', 'D', 'Cmaj7', 'D', 'E', 'Am7', 'Bm7', 'Cmaj7', 'Dmaj7', 'C', 'D', 'B', 'Em7']"
Disco,"['Ab', 'Cm', 'Fm', 'Bbm', 'Eb', 'Ab', 'C#', 'Ddim', 'Ab/Eb', 'Fm', 'Bbm7', 'Eb', 'C#', 'Ab', 'C#6', 'Ab', 'Eb', 'Ab', 'C#']"
Disco,"['Dm7', 'Gm', 'Dm7', 'Fmaj7', 'Gm7', 'Dm7', 'Gm7']"
Disco,"['Bm', 'G6', 'F#m', 'Bm', 'Em7', 'F#m7', 'Bm7']"
Disco,"['Cm7', 'Fmaj7', 'Bb', 'C6', 'Fmaj7', 'Bbmaj7', 'C', 'Bbmaj7', 'Cm7', 'Bbmaj7', 'Cm7']"
Disco,"['F7', 'Cm7', 'Bb/C', 'Ab/Bb', 'Fmaj7', 'Cm7']"
Disco,"['Cm7', 'F7', 'Cm7']"
Disco,"['Fm', 'Cm7', 'Fm', 'Cm7', 'Fm', 'Eb', 'C/Bb', 'Fm', 'Eb', 'C', 'Fm7']"
Disco,"['G', 'F', 'Em7', 'C', 'G7', 'F', 'E', 'Dm7']"
Disco,"['Gmaj7', 'F#m7', 'Bm7', 'G/A', 'Gmaj7', 'F#m7', 'Bm', 'Bm7', 'Gmaj7', 'D6', 'Gmaj7', 'Bm7']"
Disco,"['D', 'Amaj7', 'Am7', 'F#m', 'Em7', 'F#m7', 'G6', 'E7']"
Disco,"['D', 'Bm7', 'A', 'D', 'A', 'D', 'A', 'D', 'A', 'F#m', 'E', 'F#m']"
Disco,"['F#', 'B', 'C#m', 'F#', 'C#m', 'F#', 'C#m', 'B', 'C#m']"
Disco,"['Cm7', 'F7', 'Ab', 'Bb', 'Cm', 'Ab', 'Bb', 'Cm', 'F7']"
Disco,"['Cm7', 'Fm7', 'Cm7']"
Disco,"['F7', 'Cm7', 'Bb', 'F7', 'Cm7', 'Bb', 'F7']"
Disco,"['Daug', 'G6', 'A', 'G', 'D', 'A', 'G', 'D', 'A', 'D', 'G', 'D']"
Disco,"['Gm', 'C', 'Gm7', 'Eb', 'F', 'Gm7', 'C', 'Bb6']"
Disco,"['F7', 'Cm7', 'Bb', 'F7', 'Cm', 'Bb', 'F7']"
Disco,"['Dm7', 'Abmaj7', 'Gm7', 'Abm', 'Gm7', 'Abm', 'Gm7', 'C6', 'C#', 'C6', 'C#', 'C6', 'Gm', 'Abm', 'Gm7', 'Abm', 'Gm7', 'C6']"
Disco,"['Cm7', 'Ab6', 'Bb7', 'Dm', 'Cmaj7', 'C', 'Dm', 'F7/A', 'Abmaj7', 'Ebmaj7', 'G']"
Disco,"['C6', 'Dm', 'Am7', 'Cmaj7', 'Dm7', 'Cmaj7', 'Dm', 'C6', 'Dm7', 'C6', 'Dm7', 'Cmaj7']"
Disco,"['Fmaj7', 'Am', 'Bb', 'Gm', 'C', 'F', 'F7', 'C#maj7', 'Bb', 'E', 'F7', 'C#', 'Bb', 'Fmaj7', 'Bb', 'G7']"
Disco,"['C#6', 'Fm7']"
Disco,"['Bbm7', 'Ebm7', 'Fm7', 'F#maj7', 'Ab6', 'Bbm7', 'Ebm7', 'Fm7', 'Bbm7', 'Fm7', 'F#6', 'Bbm7', 'Ebm7', 'Fm7', 'F#maj7', 'Bbm7', 'Fm7', 'F#maj7', 'Bbm7']"
Disco,"['Fmaj7', 'Em7', 'Abm', 'Fmaj7', 'Em7', 'Abdim', 'Am7']"
Disco,"['Fm', 'Cm7', 'Fm', 'Cm7']"
Disco,"['E6', 'Gmaj7', 'E6', 'F#7', 'G', 'E7', 'E', 'N']"
Disco,"['Ab6', 'F#6']"
Disco,"['F6', 'Abmaj7', 'G/D', 'F/C', 'Ab6', 'Am7b5/G', 'G', 'C/G', 'Cmaj7', 'C7', 'F/C']"
Disco,"['Cdim', 'C7', 'F', 'Am', 'Ebmaj7', 'Bbmaj7', 'Dm7b5/C', 'C#', 'Fm7', 'C#', 'Ebm7', 'Fm']"
Disco,"['C6', 'Bb', 'G', 'F/G', 'G', 'F/G', 'Ebmaj7', 'G', 'Fmaj7', 'D7/F#', 'G', 'Dm7b5', 'Gm7b5', 'C', 'Bb6']"
Disco,"['Cm7', 'Fmaj7', 'Bb', 'Am7', 'Fmaj7', 'Bbmaj7', 'C', 'Bbmaj7', 'Cm7', 'Bbmaj7', 'Cm7']"
Disco,"['Gm7', 'G6', 'F6', 'Am7']"
Disco,['Cm7']
Disco,"['C#m', 'E', 'C#m', 'E6', 'C#', 'C#m', 'E', 'A6']"
Disco,"['Bb6', 'F', 'Gm7', 'F', 'Gm7', 'Bbmaj7', 'F/A', 'G7', 'Bb/C', 'F', 'Gm7', 'F']"
Disco,"['Eb/F', 'C7', 'Bbmaj7', 'C', 'Bb', 'C7', 'Bbmaj7', 'C7', 'Bb']"
Disco,"['Gm7', 'Dm7', 'Ebmaj7', 'Dm7', 'Gm7', 'Am7', 'Dm7', 'Em7b5', 'Dm7', 'Em7b5', 'Dm7', 'Ebmaj7', 'Am7', 'Bbmaj7']"
Disco,"['A', 'D7', 'C', 'G', 'C', 'G', 'Bmaj7']"
Disco,['Bbm']
Disco,"['Bm', 'Em6', 'F#m', 'Bm7', 'Em', 'F#m7', 'Bm', 'Em6', 'F#m', 'Bm', 'Em6']"
Disco,"['Bm', 'Em6', 'F#m', 'Bm7', 'Em', 'F#m7', 'Bm', 'Em6', 'F#m', 'Bm', 'Em6']"
Hiphop,"['Em7', 'Dm', 'F6']"
Hiphop,"['Dm7b5', 'G/D', 'Dm7b5']"
Hiphop,"['Bbmaj7', 'Bb7', 'Eb/Bb']"
Hiphop,"['Ebm7', 'Ebm6', 'Bmaj7']"
Hiphop,"['Dm', 'Gm7', 'Am7', 'Dm', 'Gm7', 'Em7b5', 'Am7', 'Dm', 'Em7', 'A6']"
Hiphop,"['Ab7', 'Ebm6', 'Ab/Eb', 'Ebmaj7']"
Hiphop,"['B/A', 'Am7', 'Am7b5', 'A']"
Hiphop,['B6']
Hiphop,"['Em', 'N']"
Hiphop,['C#m7b5']
Hiphop,"['Bbmaj7', 'F6']"
Hiphop,"['Eb7/G', 'Fm7b5/Eb', 'Gm7b5', 'Emaj7', 'Eb7/G', 'Ab/Eb', 'Abdim', 'Eb7/G']"
Hiphop,"['Emaj7', 'Bb7']"
Hiphop,"['Abmaj7', 'C#', 'Abmaj7']"
Hiphop,"['Cmaj7', 'Bbm7b5/Ab', 'B6']"
Hiphop,"['E7/G#', 'N']"
Hiphop,"['F#m7b5/E', 'Dm7b5', 'C6', 'Daug']"
Hiphop,"['G7', 'C#/G#', 'Gm7b5', 'Ab6', 'Bbm7b5/Ab', 'Abm6', 'N']"
Hiphop,"['Ab7', 'F#m7', 'Ab7', 'N']"
Hiphop,"['Bbm7b5', 'Dm6', 'F#7/A#', 'F#maj7']"
Hiphop,"['Dm6', 'G', 'Cm6', 'F6', 'G', 'Cm', 'F', 'G7', 'F', 'G', 'Cm', 'F6', 'G', 'Cm7', 'F', 'D']"
Hiphop,"['Em7', 'Ab7/C', 'Caug', 'B6', 'N']"
Hiphop,"['Cm', 'Bb6', 'Ab6', 'Cmaj7', 'N']"
Hiphop,['G/B']
Hiphop,"['C', 'Fm', 'Am7b5/G']"
Hiphop,"['Ab', 'E6', 'Abm', 'C#m', 'Abm7']"
Hiphop,"['Bmaj7', 'Bb', 'Ebm', 'Bmaj7', 'Bb7', 'Ebm', 'Bmaj7', 'Bb7', 'Ebm', 'B6']"
Hiphop,"['Bb7/D', 'Cm6', 'Dm7b5', 'C6', 'E6', 'F#7', 'C#m', 'N']"
Hiphop,"['F#6', 'Abm7b5/Gb', 'Ebm7', 'Bmaj7', 'Ebm', 'Abm7b5/Gb', 'Ebm', 'Bb', 'Ab7', 'F#6']"
Hiphop,['Bbm7']
Hiphop,"['Ebmaj7', 'Abm6', 'Gmaj7']"
Hiphop,"['Bb6', 'Abmaj7', 'Bbm6', 'Abmaj7']"
Hiphop,"['Gm', 'F', 'Gm7', 'G7']"
Hiphop,"['Cm7', 'F/A', 'Cm7', 'C6', 'A6', 'C7', 'Fmaj7']"
Hiphop,"['Abm7', 'F#maj7', 'Ebm7', 'Abm7', 'B/D#', 'F#maj7', 'Ebm7', 'Abm7', 'F#maj7', 'Ebm7', 'Abm7', 'Ebm7', 'Abm7', 'F#maj7']"
Hiphop,"['E7/G#', 'C#m7', 'F#6', 'C#m']"
Hiphop,"['Abmaj7', 'G/D', 'Dmaj7', 'Bb/D', 'G/D']"
Hiphop,['A']
Hiphop,"['Em', 'D/F#', 'C', 'G6', 'D7', 'C', 'D', 'Cmaj7', 'D', 'G', 'Dm']"
Hiphop,"['Cm7', 'F/A', 'Cm7', 'C6', 'A6', 'C7', 'Fmaj7']"
Hiphop,"['Dm7', 'C#6']"
Hiphop,"['F#7', 'Cm', 'G6', 'F#m6', 'G7', 'Ebmaj7']"
Hiphop,"['Fmaj7', 'C6', 'N']"
Hiphop,"['Amaj7', 'Am7']"
Hiphop,"['Ebmaj7', 'C#maj7', 'F#maj7', 'Emaj7', 'Cm7b5/Bb', 'C#maj7', 'Emaj7', 'Bmaj7', 'Bbm7', 'F#maj7']"
Hiphop,"['Cmaj7', 'Am6', 'Em7', 'Am', 'Eb6', 'Am7', 'Eb']"
Hiphop,"['Bb6', 'N']"
Hiphop,"['Bbm7', 'C7', 'Bb7', 'Cm7', 'Bbm7', 'Bb7', 'Ab7/C', 'Bbmaj7', 'N']"
Hiphop,"['Eb7', 'B/D#', 'Eb7', 'B/D#', 'Eb7']"
Hiphop,"['Bbmaj7', 'Amaj7', 'Bbm', 'Eaug', 'Bb', 'Amaj7', 'F#maj7', 'E', 'Bbmaj7', 'F#m7b5/E', 'Bb', 'Faug', 'E', 'Bbmaj7', 'E6', 'N']"
Hiphop,['Abmaj7']
Hiphop,"['Gm7b5/F', 'F6', 'Abm', 'F6']"
Hiphop,"['C#m7', 'Abm']"
Hiphop,"['Cm7b5/Bb', 'Bmaj7', 'Bbm7b5/Ab', 'Bmaj7', 'C#6', 'Bmaj7', 'N']"
Hiphop,"['Abm7', 'Bbm7', 'Amaj7', 'Bbm7', 'F#m6', 'Fm7b5/Eb', 'Amaj7', 'Eb7', 'F#m7']"
Hiphop,"['Bmaj7', 'F#m', 'Bmaj7', 'F#m', 'B', 'F#/C#', 'Bm7', 'C7/E']"
Hiphop,"['Bb6', 'Em6', 'Gm', 'C#m7b5', 'Abmaj7', 'F#aug']"
Hiphop,"['A7', 'Eb/Db', 'Amaj7']"
Hiphop,"['Bb7', 'C/E', 'Bb7']"
Hiphop,"['Cm7b5', 'Cmaj7', 'D7/F#', 'C#maj7', 'D7/F#', 'C#/E#', 'Cm7b5', 'C#', 'D/C']"
Hiphop,"['F#maj7', 'Emaj7', 'F#maj7', 'Faug', 'Edim', 'Baug', 'Eb6', 'F#7', 'B', 'Eb6', 'F#7']"
Hiphop,"['Ebm7', 'B7/D#', 'Ebm7', 'B7/D#', 'Emaj7', 'Ebm7', 'G', 'Ebm7']"
Hiphop,"['Dm7', 'Dmaj7', 'G/D', 'Am7', 'Dm6']"
Hiphop,"['Am7b5', 'Gmaj7', 'F', 'Abmaj7', 'Gm', 'N']"
Hiphop,['Bm7']
Hiphop,"['Cm7', 'Emaj7', 'Cm6', 'Cm7', 'Ebmaj7', 'Ab6', 'Cm', 'N']"
Hiphop,['Bm7']
Hiphop,"['Ebm7', 'Bbm7', 'Ebmaj7', 'F#maj7', 'B7', 'Bbm6', 'Eb7', 'B/D#', 'Bbm6', 'Eb7']"
Hiphop,"['C#m', 'F#/C#', 'Dmaj7', 'C#m']"
Hiphop,['Eb7/G']
Hiphop,"['Dm7', 'Dmaj7', 'Abm7']"
Hiphop,['C7']
Hiphop,['Fmaj7']
Hiphop,['F#7']
Hiphop,['A6']
Hiphop,"['Emaj7', 'Emaj7', 'N']"
Hiphop,"['Abm7', 'Bbm7b5/Ab']"
Hiphop,"['D7', 'Ab7/C']"
Hiphop,"['Emaj7', 'Em7', 'N']"
Hiphop,"['Emaj7', 'N']"
Hiphop,['E7/G#']
Hiphop,"['F6', 'Gm7', 'D/A', 'Gm7', 'D/A', 'Gm7', 'D7/F#']"
Jazz,"['Bm', 'F6', 'Cm', 'C/G', 'E', 'C7/E', 'F', 'Eaug', 'Cm']"
Jazz,"['Dm7b5/C', 'F#m6', 'C6', 'Abmaj7', 'Dm7', 'Dm6', 'F#maj7']"
Jazz,"['Ebm7', 'Bb6', 'Bm7', 'E6', 'Bbm7', 'Cm', 'Abm7', 'C#7', 'Dm', 'B', 'Ebm', 'Bb', 'F#m', 'Bm7b5', 'Bb', 'E7', 'Ebm']"
Jazz,"['Bb6', 'Fm7', 'Bm', 'E7']"
Jazz,"['Gmaj7', 'Dm', 'G/D', 'Emaj7', 'Baug', 'Bm', 'Gm6', 'Bm7', 'G/D', 'Emaj7']"
Jazz,"['Dm7b5', 'Em6', 'Ab6', 'Bb7', 'Ab/Bb', 'Bb', 'Ab/Bb', 'Bb6', 'Fm7']"
Jazz,"['Bmaj7', 'Bm6', 'B', 'Bm', 'B', 'Fm6', 'Eb6', 'D6', 'Eb/F']"
Jazz,"['Bbmaj7', 'B6', 'Bb6', 'Em7b5', 'Ebmaj7', 'C#7', 'F#maj7', 'Cm6', 'Bbm7', 'B7', 'Bbm7', 'Eb7', 'C']"
Jazz,"['Bbm', 'Fm7', 'Gdim', 'Ab', 'Eb6', 'Fm', 'Gm', 'Cm7b5', 'Fm7', 'Bb6', 'Cm7', 'Am7b5', 'Abmaj7', 'Dm7b5', 'Eb7/G']"
Jazz,"['C#m7b5/B', 'B/A', 'Em', 'C#m', 'Dmaj7', 'Em', 'Dm', 'C#', 'Bmaj7', 'E7', 'Amaj7', 'G/D', 'D', 'Gmaj7']"
Jazz,"['Eb', 'Bbmaj7', 'G', 'Am', 'F7', 'G', 'F#maj7', 'Abmaj7', 'Eb/G', 'G', 'C6', 'D7', 'Bb6']"
Jazz,"['E', 'Eb', 'Dm7', 'Eb6', 'Gm7', 'Eb', 'F/G', 'Gm7', 'F7', 'Gm7']"
Jazz,"['Eb6', 'Ab7/C', 'D', 'Bbm7', 'Eb6', 'Gm7b5', 'C7', 'Abmaj7', 'F#aug', 'Fm', 'A7', 'Ebm6', 'Fm7b5/Eb', 'Ab6', 'Bb7', 'Cm7b5']"
Jazz,"['Eb7/G', 'Gm', 'Fmaj7', 'Em7b5/D', 'Dm7', 'Daug', 'Dm7', 'Cm7', 'Gm6', 'Ab7/C', 'N']"
Jazz,"['Cm', 'B7/D#', 'G6', 'Fmaj7', 'G/A', 'Eb', 'F/A', 'C7/E', 'Bb', 'G/A', 'A7', 'Bb/Ab', 'Dm']"
Jazz,"['C#m', 'F', 'Dm7', 'C', 'B6', 'Ebmaj7', 'Ab7', 'C', 'Eb', 'D', 'Gm7', 'F#maj7', 'Fm7', 'Ebm', 'C#m', 'N']"
Jazz,"['Ebm7', 'Ab6', 'E', 'F', 'Dmaj7', 'Fm7b5', 'E/F#', 'B', 'Emaj7', 'Cmaj7', 'Em7', 'A7', 'Dmaj7', 'Ebm', 'Dm7', 'Em']"
Jazz,"['Fm7', 'F#maj7', 'Fm7b5/Eb', 'Cmaj7', 'Bbdim', 'B7/D#', 'Bbmaj7', 'Eb', 'F7/A', 'Eb7', 'Abm', 'N']"
Jazz,"['Am7b5/G', 'G7', 'D7', 'G', 'Cmaj7', 'Gm7', 'C/G', 'Gm7b5', 'Fm']"
Jazz,"['D', 'Ebm', 'Dmaj7', 'F#m', 'Ebm', 'E6', 'F#m7b5/E', 'F', 'Dm7b5/C', 'Ebmaj7', 'E', 'Bmaj7', 'C#m', 'B', 'F/Eb', 'Aaug', 'F']"
Jazz,"['Am7', 'B7', 'E', 'C7', 'Fm', 'C', 'Dm7', 'G7', 'Caug', 'Bb6', 'Am7', 'A', 'G', 'Dmaj7', 'Dm7', 'G', 'F6', 'G6']"
Jazz,"['Dm', 'Ebmaj7', 'E', 'F#m7', 'F6', 'Bm7', 'F/C', 'Dm', 'N']"
Jazz,"['Ddim', 'Gm7', 'C7', 'Bbm7b5/Ab', 'C#/D#', 'Cm', 'Eb/Bb', 'D7', 'D6', 'F#m7', 'B7', 'Emaj7', 'Amaj7', 'Fm']"
Jazz,"['C#/G#', 'Ab/Eb', 'C#m', 'G6', 'Ab/Eb', 'C#m', 'Ab6', 'Ddim', 'Ab/Eb', 'C#m']"
Jazz,"['Eb', 'Emaj7', 'Ab7', 'D6', 'C#7', 'Cm7', 'B7', 'Eb/Bb', 'Abm7', 'Am7', 'G', 'F7', 'Ebmaj7', 'D6', 'A', 'Eb6']"
Jazz,"['Cdim', 'Ebm', 'Eb/G', 'Gmaj7', 'Eb6', 'Ab7/C', 'Gmaj7', 'F#/G#', 'Eb7/G']"
Jazz,"['Amaj7', 'Dm', 'A7', 'Bbdim', 'Dm7', 'A', 'A/C#', 'Am', 'B6']"
Jazz,"['Gm', 'Abmaj7', 'C/G', 'Ebmaj7', 'Gm7b5', 'Eb', 'C#/B', 'Eb7/G', 'Bm7', 'A7/C#']"
Jazz,"['Fdim', 'F#m', 'C#m6', 'Bdim', 'Ebm', 'Emaj7', 'F7', 'Gm7', 'C6', 'Gm7', 'Bbm7']"
Jazz,"['C#m6', 'B', 'D7', 'C#m', 'F#6', 'G7/B', 'F#6', 'G', 'F#', 'Abm7', 'C#maj7', 'Ebm7', 'G7', 'Dmaj7', 'Cm', 'C#7']"
Jazz,"['Bb6', 'Ab', 'Gm6', 'C/Bb', 'Bbm', 'A', 'C#6', 'F', 'Dm', 'Bbdim', 'Adim', 'F#aug', 'Faug']"
Jazz,"['F#', 'Eb', 'Bbmaj7', 'Bm7', 'Em7b5/D', 'Bbmaj7', 'N']"
Jazz,"['Gmaj7', 'F#m', 'Gmaj7', 'E', 'B/F#', 'Gm7', 'Gmaj7', 'A7', 'Gmaj7', 'Emaj7', 'Cm', 'Gmaj7', 'B/F#', 'C', 'G7', 'F#maj7', 'F#m6', 'Em7']"
Jazz,"['Bb7', 'Ebm7', 'Cm7b5/Bb', 'Dm7', 'C#6', 'Ab7', 'Fm7', 'C', 'Eb/G', 'Ebm7', 'Adim', 'C#6', 'Amaj7', 'D', 'Em6', 'Em7b5/D', 'D', 'A7']"
Jazz,"['Fm', 'Bb7', 'Eb7/G', 'Abmaj7', 'Gm7b5', 'Fm7']"
Jazz,"['Cmaj7', 'Em', 'Gm7', 'C7', 'Dm', 'E7', 'Fmaj7', 'Em7', 'Am7', 'F#m7b5', 'B']"
Jazz,"['Bb6', 'A/C#', 'F/C', 'Bbm6', 'Bb', 'Ebmaj7']"
Jazz,"['Bb', 'Ebm7', 'C#maj7', 'B6', 'Fm7', 'Em7', 'Ebm7', 'C#maj7', 'G7/B', 'Am7b5/G', 'F', 'Gm', 'Gm7b5/F']"
Jazz,"['C/G', 'C#maj7', 'Gm7b5', 'C#m', 'C', 'C#m6', 'Caug', 'Fm', 'Bb6']"
Jazz,"['Eb7', 'Abm', 'Ebdim', 'Bbm', 'Abmaj7', 'Bbm7', 'Ab/Bb', 'Am6', 'Bbm7', 'Abmaj7', 'Bbm7b5/Ab', 'Ab', 'F7', 'Ab6', 'C#m']"
Jazz,"['Abmaj7', 'Em6', 'Ab6', 'Bbm6', 'E6', 'Ab', 'Bbm7', 'Ab', 'Bbmaj7']"
Jazz,"['Bb6', 'Eb6', 'C7', 'F7', 'Bb/D', 'Eb/F']"
Jazz,"['Em7b5/D', 'F', 'Bb/C', 'F', 'Faug', 'F7', 'Cm7', 'F7', 'Bb6', 'G/D']"
Jazz,"['G', 'Abmaj7', 'Cm', 'Am7', 'C7', 'G7', 'C6', 'Baug', 'Gm', 'A7/C#', 'Dm', 'G6']"
Jazz,"['D', 'G', 'C7', 'Dm7', 'Ebmaj7', 'F7', 'Bb7', 'A7', 'G6', 'Gm', 'Am', 'F', 'Bb', 'F', 'Gm', 'D7', 'Gm', 'Fm7', 'Ebmaj7', 'D7', 'Gm', 'Gm7b5/F', 'Eb7', 'C/D']"
Jazz,"['Cm', 'Ab6', 'Cm7', 'Gdim', 'C7', 'Dm7b5', 'Eb/Db', 'Cmaj7', 'F/G', 'Cmaj7']"
Jazz,"['Bbm6', 'Abm6', 'Eb/Bb', 'Cm7b5/Bb', 'Bb/D', 'Eb/Bb', 'Bbm6', 'Ab']"
Jazz,"['Gm7b5', 'Cm7b5', 'F7', 'Eaug', 'A7', 'Ab7', 'C#7', 'Fm7', 'Bb6', 'Cm7', 'Em', 'F#', 'Cm7b5', 'G7', 'F#', 'Ab', 'Em', 'A', 'Ab7/C', 'Gm7', 'Aaug', 'Eb7']"
Jazz,"['D7', 'D6', 'G/D', 'F#7', 'Dm7b5', 'Eb7', 'D7', 'G7', 'C7', 'Em7', 'A7', 'B7', 'Daug']"
Jazz,"['C/Bb', 'D7', 'F#7/A#', 'Dm7', 'Bm7b5', 'Emaj7', 'Bb7', 'E7', 'Aaug', 'Am7b5', 'D7', 'Bm7b5', 'Eb/Bb', 'Am7', 'Bbmaj7', 'A7', 'Dm', 'F7']"
Jazz,"['Eb7', 'F#maj7', 'G', 'Gm7', 'Gm', 'Eb7']"
Jazz,"['Bb7', 'Ebm7', 'Cm7b5/Bb', 'Dm7', 'C#6', 'Ab7', 'Fm7', 'C', 'Eb/G', 'Ebm7', 'Adim', 'C#6', 'Amaj7', 'D', 'Em6', 'Em7b5/D', 'D', 'A7']"
Jazz,"['G7', 'Em7', 'F/A', 'C/D', 'Dm7', 'C6', 'C#6', 'Bmaj7', 'Cmaj7', 'A', 'Dm7', 'C#7', 'C7', 'D']"
Jazz,"['Fm', 'Bb7', 'Eb7/G', 'Abmaj7', 'Gm7b5', 'Fm7']"
Jazz,"['Ab6', 'F#m', 'Ab6', 'F#m', 'Ab6', 'F#m', 'F/C', 'Bbm7', 'A6', 'Abm7', 'B/C#', 'F#maj7']"
Jazz,"['Cmaj7', 'Em', 'Gm7', 'C7', 'Dm', 'E7', 'Fmaj7', 'Em7', 'Am7', 'F#m7b5', 'B']"
Jazz,"['G7', 'Abm', 'Em7', 'C#7', 'Em7', 'Bb']"
Jazz,"['Cm7b5', 'Ab', 'Bb7', 'Gm', 'Fm6', 'Eb6', 'Eb7', 'Ab6', 'Bb', 'C7', 'Fm', 'Bbdim', 'Cm7']"
Jazz,"['Bb6', 'A/C#', 'F/C', 'Bbm6', 'Bb', 'Ebmaj7']"
Jazz,"['Ebmaj7', 'C7', 'Ab', 'Bb6', 'Eb', 'C7', 'Fm7', 'Abmaj7', 'G', 'Ebmaj7', 'G7', 'Cm7', 'Ebmaj7', 'C#/D#']"
Jazz,"['Bb', 'Ebm7', 'C#maj7', 'B6', 'Fm7', 'Em7', 'Ebm7', 'C#maj7', 'G7/B', 'Am7b5/G', 'F', 'Gm', 'Gm7b5/F']"
Jazz,"['Ab', 'C', 'G7', 'F#maj7', 'Am7b5/G', 'F6', 'Gm7', 'Ebm', 'F7', 'F6', 'C#m7b5/B', 'Abmaj7', 'C/D', 'F#maj7', 'Cm', 'Dm7', 'C#m7', 'F#']"
Jazz,"['C/G', 'C#maj7', 'Gm7b5', 'C#m', 'C', 'C#m6', 'Caug', 'Fm', 'Bb6']"
Jazz,"['Bbmaj7', 'Bbm', 'Daug', 'C#7/E#', 'Fmaj7', 'Dm7b5/C', 'Bbm', 'F7', 'Gm7', 'Cm7']"
Jazz,"['G7', 'Dm7b5', 'C', 'Am7', 'Gm7', 'Dm7', 'C6', 'G/B', 'C6', 'G', 'Fm6', 'Cmaj7', 'Dm7', 'Em7b5/D', 'Fm6', 'Am7b5', 'Ab6', 'C']"
Jazz,"['Eb7', 'Abm', 'Ebdim', 'Bbm', 'Abmaj7', 'Bbm7', 'Ab/Bb', 'Am6', 'Bbm7', 'Abmaj7', 'Bbm7b5/Ab', 'Ab', 'F7', 'Ab6', 'C#m']"
Jazz,"['Cm7b5/Bb', 'Fm7b5', 'Cm7', 'F6', 'F#dim', 'Gm', 'A7', 'Dm7', 'Ebm7', 'F/A', 'Ebm7', 'Cm7', 'Ebdim', 'Cm7', 'Gm', 'C7', 'Dm7', 'B']"
Jazz,"['Abmaj7', 'Em6', 'Ab6', 'Bbm6', 'E6', 'Ab', 'Bbm7', 'Ab', 'Bbmaj7']"
Jazz,"['Em7b5/D', 'F', 'Bb/C', 'F', 'Faug', 'F7', 'Cm7', 'F7', 'Bb6', 'G/D']"
Jazz,"['G', 'Abmaj7', 'Cm', 'Am7', 'C7', 'G7', 'C6', 'Baug', 'Gm', 'A7/C#', 'Dm', 'G6']"
Jazz,"['D', 'G', 'C7', 'Dm7', 'Ebmaj7', 'F7', 'Bb7', 'A7', 'G6', 'Gm', 'Am', 'F', 'Bb', 'F', 'Gm', 'D7', 'Gm', 'Fm7', 'Ebmaj7', 'D7', 'Gm', 'Gm7b5/F', 'Eb7', 'C/D']"
Jazz,"['Cm', 'Ab6', 'Cm7', 'Gdim', 'C7', 'Dm7b5', 'Eb/Db', 'Cmaj7', 'F/G', 'Cmaj7']"
Jazz,"['Bbm6', 'Abm6', 'Eb/Bb', 'Cm7b5/Bb', 'Bb/D', 'Eb/Bb', 'Bbm6', 'Ab']"
Jazz,"['Dm7', 'A7/C#', 'Dm7', 'C', 'Dm7b5/C', 'C', 'Abdim', 'C']"
Jazz,"['Em7', 'G7', 'C7', 'Dm7', 'Em7', 'Dm', 'Am', 'Gm', 'G6', 'C7']"
Jazz,"['Eb', 'Ab6', 'C#', 'Dm7', 'Gm7b5', 'Dm7b5/C', 'Faug', 'Gm7', 'C', 'F7/A', 'Gm7', 'F7/A', 'Bb7', 'Cm7']"
Jazz,"['E', 'C', 'Am7', 'G/D', 'E7', 'Ebm7b5', 'Dm7', 'Gaug', 'C#', 'G', 'A/G', 'C', 'Am', 'F6']"
Jazz,"['Dm', 'F/Eb', 'A/E', 'Dm', 'Am7', 'D', 'Bbmaj7', 'Gm7', 'C', 'Fmaj7', 'F/Eb']"
Jazz,"['Dm', 'C', 'Am7b5', 'D', 'Am', 'Dmaj7', 'C7', 'F', 'Gm', 'Abdim', 'Am7', 'Dm7', 'C6', 'Dm7', 'F#7', 'Dm7', 'G6', 'Ab/C', 'C6']"
Jazz,"['B', 'A', 'B', 'Abm', 'A']"
Jazz,"['G6', 'Dm', 'A7', 'Bm7b5', 'A7', 'Gm7', 'E7/G#', 'D7', 'C#maj7', 'A7', 'Dm', 'A7']"
Jazz,"['Dm6', 'Em7', 'G/D', 'Bb/D']"
Jazz,"['G6', 'Am6', 'G', 'C', 'G6', 'F', 'G7', 'D7', 'C7/E', 'D7', 'C7/E', 'Bb', 'F#6']"
Jazz,"['Em7', 'E', 'C#7', 'Bm', 'C#m7', 'G6', 'F#', 'D7', 'G6', 'Am']"
Jazz,"['A/C#', 'Cm', 'Gm', 'A7/C#', 'Cm7', 'Gm', 'Dm', 'Bbm', 'Cm6', 'Em7b5/D', 'D', 'F6', 'C/E', 'Ebm6', 'Fm7', 'F#m7b5/E', 'Ebm7', 'G/D', 'Cm6', 'D7', 'A', 'Cm6']"
Jazz,"['F6', 'Fm7', 'Ebm7', 'Cm7', 'Ab6', 'Cm7', 'Ebm7', 'Bmaj7', 'Ebmaj7', 'B6', 'Fmaj7', 'F#6']"
Jazz,"['G', 'A', 'D7', 'Em', 'Ebaug', 'Dm', 'Cmaj7', 'Cm7', 'G/B', 'A7', 'G', 'F', 'C/D', 'G', 'C/D', 'F/G', 'C/D', 'Em7b5/D', 'G']"
Jazz,"['Dm7', 'G', 'Dm7', 'E7/G#', 'G/A', 'Dm7', 'G', 'Dm7', 'G/A', 'Dm7', 'G', 'Dm7']"
Jazz,"['Cm', 'Bbm', 'Gm', 'Fm', 'F7', 'Dm7b5/C', 'Gdim', 'Gm', 'Fm', 'Bb7', 'Gm7', 'Fm7', 'Bb/D', 'Eb7/G', 'C#', 'Bb']"
Jazz,"['D7', 'Gm', 'D/C', 'B7', 'Bbmaj7', 'Bbdim', 'Am7', 'F/A', 'Dm6', 'G/D', 'C', 'Cmaj7', 'G/A', 'Dm6']"
Jazz,"['Dm7', 'C7/E', 'Dm', 'Em7', 'Dm7', 'F#', 'Dm7', 'G', 'Dm', 'Em7', 'Dm', 'Em7', 'Dm', 'Em7']"
Jazz,"['F/C', 'G6', 'C6', 'Ab', 'Bbm7', 'C#/G#', 'Ab6', 'Ebm7', 'Ab', 'Bbm7', 'Ab7', 'Bbmaj7']"
Jazz,"['C/G', 'G', 'G7', 'C', 'F/G', 'Cmaj7', 'G6', 'Ebm7']"
Jazz,"['Ab', 'Bb6', 'Abm', 'Cm7', 'F', 'Bbm7', 'E6', 'Ebm7b5/Db', 'Ab7', 'Eb6', 'Bb6', 'C', 'Fm7', 'C/D', 'Abm']"
Jazz,"['Cmaj7', 'D7', 'Cmaj7', 'Dm6', 'Em7', 'Dm7', 'F/G', 'Gm', 'C', 'E/B', 'Fm6', 'Cmaj7', 'A7', 'G/D', 'Am']"
Jazz,"['Em7b5/D', 'Fmaj7', 'Eaug', 'Ebmaj7', 'Ab', 'Cm7', 'Am6', 'G/D', 'C/D', 'G7', 'D7', 'Cm7', 'G6', 'C', 'Dm7', 'Cmaj7']"
Jazz,"['Bbm', 'Edim', 'Bb/F', 'Ebmaj7', 'C#6', 'Emaj7', 'F7', 'Bb7', 'Fm7', 'Bb7', 'G7/B', 'C7', 'Ab/Eb', 'Daug', 'G6']"
Jazz,"['Cmaj7', 'C6', 'Ab/Eb', 'C#/G#', 'Ab/Eb', 'C#/G#', 'Eb', 'C#/G#', 'Ab/Eb', 'Bbm7b5/Ab', 'F7', 'Bbmaj7']"
Jazz,"['F#7', 'Bm7', 'Bbm', 'F6', 'C6', 'Bm7b5', 'Cmaj7', 'D6', 'Fm', 'Eb6', 'Dmaj7', 'G/D', 'Ebm6', 'Ebmaj7', 'C#7', 'Abmaj7', 'Bm', 'F#/E', 'Dm']"
Jazz,"['Abmaj7', 'Fm', 'C7', 'Ab', 'C', 'Fm7', 'C7', 'Fm', 'Cm', 'Gm7', 'Eb', 'Fm', 'Cm7']"
Metal,"['G', 'C', 'G', 'Cm7', 'G', 'Fmaj7', 'Gm', 'F', 'Cm', 'Eb', 'Bb6', 'F6', 'Ebmaj7']"
Metal,"['B/C#', 'F#', 'C#6', 'Eb', 'B', 'F#/C#', 'C#', 'Dmaj7', 'Eb', 'B', 'F#', 'Bbm']"
Metal,"['Abaug', 'A7', 'B', 'F#', 'E', 'D', 'E', 'F#m', 'E7', 'D', 'E', 'F#7']"
Metal,"['D', 'Fm', 'G', 'Bb7', 'A7', 'Dm7b5', 'Bbmaj7', 'C6', 'A']"
Metal,"['A7', 'Fmaj7', 'E7/G#', 'Gm7', 'Dm', 'Gm', 'Dm', 'A', 'D']"
Metal,"['Em7', 'D', 'E', 'G', 'D', 'G/D', 'C', 'Gmaj7', 'E', 'G', 'D', 'G/D', 'Cm', 'Gmaj7', 'E', 'G', 'D']"
Metal,"['Bb', 'F#6', 'Ab7', 'Bb', 'C#6', 'F#6', 'Abm', 'Bb', 'C#', 'Ab7', 'C#6', 'Abm']"
Metal,"['Abm7b5/Gb', 'Em7', 'Gmaj7']"
Metal,"['Em7', 'G', 'Em7', 'E', 'D/E', 'Em']"
Metal,"['Dm', 'Ebm', 'D/A', 'Bm', 'Cm', 'Dm', 'Ebm', 'Dm', 'Bm']"
Metal,"['Gmaj7', 'Fmaj7', 'F#', 'Em6', 'Gmaj7', 'Fmaj7', 'Bb7/D', 'F#/G#', 'Bm', 'F#', 'B/F#', 'Emaj7', 'F#7', 'Amaj7']"
Metal,"['Bb7', 'Ab6', 'Eb6', 'Ab', 'Ebm7', 'Abm', 'Bmaj7']"
Metal,"['Am', 'Gmaj7', 'F/C', 'Bm7', 'A', 'F/C', 'G7/B', 'A/E', 'Dm', 'F/C', 'G', 'A', 'F/C', 'G7', 'Am6']"
Metal,"['Fmaj7', 'Em7', 'Gm7', 'Dm', 'C7', 'Gm', 'Dm', 'A', 'D7']"
Metal,"['Am6', 'Bm', 'E', 'D', 'B', 'Cmaj7', 'Em', 'Cmaj7', 'Bm', 'Em', 'C', 'D6', 'Em', 'Am6', 'Bm7']"
Metal,"['Cmaj7', 'C#m7', 'Cmaj7', 'Gmaj7', 'Ab7', 'E', 'B', 'Gmaj7', 'A6', 'F6']"
Metal,"['C#6', 'Amaj7', 'C#6']"
Metal,"['Emaj7', 'Ebmaj7', 'Ebmaj7', 'N']"
Metal,"['C#maj7', 'Bb7/D', 'C#m', 'C#maj7', 'D', 'C#m']"
Metal,"['Ebm7', 'E', 'Gmaj7', 'E', 'Gmaj7', 'Bmaj7']"
Metal,"['Ab7', 'Gmaj7', 'Ab7', 'Gmaj7', 'F#aug', 'E', 'N']"
Metal,"['E', 'Fm', 'Dm', 'Em', 'F/C', 'D', 'Em', 'Cm6', 'D', 'Em', 'C', 'D', 'A7', 'B', 'C', 'D', 'E']"
Metal,"['D', 'E', 'A']"
Metal,"['Fmaj7', 'Em7', 'Fmaj7', 'E', 'D6', 'C', 'Eb', 'Bb', 'C', 'Eb', 'Bb', 'Ab', 'Bb', 'Ebm']"
Metal,"['Gmaj7', 'Em', 'Bm', 'D/A', 'Bm', 'Gmaj7', 'E', 'Bm', 'A6', 'Bm', 'G6', 'E', 'Bm7', 'B', 'G', 'E']"
Metal,"['E', 'G6', 'E7']"
Metal,"['C6', 'E7', 'Cmaj7', 'E', 'G6', 'Bm7']"
Metal,"['Bb7', 'F#m', 'C#maj7', 'Bbm7b5', 'Ab', 'Bbm7', 'Ab', 'Bbmaj7']"
Metal,"['Ebm6', 'C#', 'B', 'Ebm', 'Eb', 'F#', 'Ebm6', 'C#']"
Metal,"['Eb', 'Fm', 'Bb', 'Ebmaj7', 'F', 'Bb/C', 'Ebmaj7', 'F', 'Bb7', 'Ebmaj7', 'F/C', 'Bbmaj7', 'Ebmaj7', 'F', 'Bb7', 'Eb', 'Ab6', 'Bb', 'Eb', 'Ab6', 'Bb', 'Eb', 'Fm7']"
Metal,"['E', 'Cmaj7', 'A', 'F', 'G/F', 'E', 'Caug', 'Amaj7', 'Bb6', 'E', 'Cmaj7', 'A', 'F', 'E', 'Cmaj7', 'A', 'F']"
Metal,"['Ab', 'C#', 'Ab', 'C#maj7', 'Abm7', 'C#maj7', 'Eb']"
Metal,"['C/D', 'D', 'C/D', 'D', 'C', 'E', 'G', 'C/D', 'E', 'G', 'C/D', 'D']"
Metal,"['E', 'Em7b5', 'E']"
Metal,"['Cmaj7', 'Em7', 'C7', 'D', 'Cm7b5', 'Em7b5/D', 'Cmaj7', 'Em7', 'C', 'D', 'E']"
Metal,"['Emaj7', 'Eb7/G', 'E7', 'C#']"
Metal,"['Eb', 'F#maj7', 'Bbmaj7', 'Fm7', 'Gm7', 'Fm']"
Metal,"['B', 'C#', 'Ebm7', 'Eb', 'C#m7', 'B', 'C#', 'Ebm7', 'C#m7', 'B', 'C#m', 'Eb', 'B6', 'C#', 'Eb7', 'B', 'C#m', 'Ebm7', 'C#', 'Fm7b5/Eb']"
Metal,"['Bbmaj7', 'E', 'F#m7b5/E', 'D', 'C', 'G6', 'Bbmaj7', 'E', 'D', 'F/C', 'E7', 'Bbmaj7']"
Metal,"['Emaj7', 'Abm', 'Ab', 'E', 'Ab', 'E/G#', 'Em', 'Abm', 'Eb']"
Metal,"['Am6', 'D', 'Am', 'F', 'Am7', 'G7', 'C#maj7', 'Am7', 'Dm6']"
Metal,"['Am7', 'D', 'Am7', 'B', 'Am7', 'Gmaj7', 'A']"
Metal,"['A', 'C#7', 'A', 'Emaj7', 'A', 'B6', 'C#']"
Metal,"['F#7', 'Ab6', 'F#7', 'E', 'F#7', 'Bm7b5/A', 'F#7', 'C#7', 'F#m']"
Metal,"['Cmaj7', 'A7', 'Fmaj7', 'G', 'A7', 'F', 'G', 'A7', 'F', 'G', 'Am', 'Cmaj7', 'A', 'Fmaj7', 'G', 'E', 'F', 'E', 'Fmaj7', 'G']"
Metal,"['D', 'C', 'G', 'A', 'G', 'D', 'Cmaj7', 'A', 'G7', 'A', 'G6', 'A7', 'G7', 'A', 'Cmaj7', 'F', 'C']"
Metal,"['Bb6', 'Abaug', 'Eb', 'Bb6', 'Abmaj7', 'Ebm7', 'Bb6', 'Abmaj7', 'Bb7', 'Bbdim', 'C#m7b5', 'Eb', 'Bb6', 'C#', 'Eb']"
Metal,"['Dm7', 'Bb6', 'D', 'Dm7']"
Metal,"['F#m7', 'C#', 'E/B', 'F#m', 'Ab7/C', 'C#']"
Metal,"['A', 'Faug', 'G6', 'D', 'Fmaj7', 'C/G', 'D', 'Am7', 'G', 'A', 'C6', 'G', 'A', 'C', 'G', 'A', 'C6', 'G', 'A']"
Metal,"['A', 'D7', 'E', 'Am7', 'D', 'G', 'A', 'C6', 'D', 'Gaug', 'A']"
Metal,"['G7', 'A7', 'B', 'A7', 'Baug', 'A7', 'G', 'F#', 'A7', 'C', 'D', 'C', 'Dmaj7', 'C6', 'Dmaj7', 'Am7', 'D', 'A7', 'C']"
Metal,"['A7', 'D7', 'Amaj7', 'D']"
Metal,"['A', 'Gaug', 'A7', 'D7', 'A', 'D']"
Metal,"['Ab7', 'Eb', 'Bmaj7', 'Ab', 'B6', 'Bb', 'Abmaj7', 'F#', 'C#', 'Ab', 'F#', 'C#/B', 'Abaug', 'F#6', 'C#dim', 'Ab', 'Gm7b5', 'Abaug', 'F#6', 'Abaug']"
Metal,"['B', 'Dmaj7', 'G6', 'B', 'G6', 'B', 'G6', 'B', 'Aaug', 'G/D', 'B']"
Metal,"['Bm6', 'Em', 'A/C#', 'B', 'A7/C#', 'Emaj7', 'A7', 'E', 'B7', 'A', 'C#', 'A7', 'B']"
Metal,"['B7', 'A', 'E', 'B7', 'Bm', 'A6', 'E7', 'B', 'A/B', 'Bm7']"
Metal,"['C6', 'E', 'C/G', 'A7', 'G/D', 'Dm', 'A', 'D', 'Gmaj7', 'Cmaj7']"
Metal,"['A7', 'D', 'A7', 'D', 'A', 'D', 'A', 'D', 'A', 'D7', 'A', 'D']"
Metal,"['E7', 'D', 'A', 'E7']"
Metal,"['Am6', 'D', 'Am', 'F', 'Am7', 'G7', 'C#maj7', 'Am7', 'Dm6']"
Metal,"['Am7', 'D', 'Am7', 'B', 'Am7', 'Gmaj7', 'A']"
Metal,"['A', 'C#7', 'A', 'Emaj7', 'A', 'B6', 'C#']"
Metal,"['F#7', 'Ab6', 'F#7', 'E', 'F#7', 'Bm7b5/A', 'F#7', 'C#7', 'F#m']"
Metal,"['Cmaj7', 'A7', 'Fmaj7', 'G', 'A7', 'F', 'G', 'A7', 'F', 'G', 'Am', 'Cmaj7', 'A', 'Fmaj7', 'G', 'E', 'F', 'E', 'Fmaj7', 'G']"
Metal,"['D', 'C', 'G', 'A', 'G', 'D', 'Cmaj7', 'A', 'G7', 'A', 'G6', 'A7', 'G7', 'A', 'Cmaj7', 'F', 'C']"
Metal,"['E7', 'Em', 'Am7', 'E7', 'Em6']"
Metal,"['C', 'F', 'E', 'A', 'C', 'A', 'C6', 'D', 'E']"
Metal,"['E', 'C', 'D', 'Em', 'D', 'Em', 'D', 'Em', 'D', 'E', 'D']"
Metal,"['F#maj7', 'Ab/Gb', 'F#maj7', 'Ab7/C', 'F#maj7', 'Eb', 'Ab', 'F#', 'Ab6']"
Metal,"['C#/D#', 'F#6', 'B6', 'A6']"
Metal,"['G7', 'Gm7']"
Metal,"['F#6', 'Eb', 'Ebm7', 'F#', 'Eb']"
Metal,"['C#', 'F#', 'E', 'C#6']"
Metal,"['Abm7', 'F#7', 'Abm', 'Ebm']"
Metal,"['Am7', 'E']"
Metal,"['D', 'A7', 'Gm', 'A7', 'F#m', 'Bm7', 'D', 'A', 'B7']"
Metal,"['Baug', 'Abmaj7', 'Eb', 'Gmaj7', 'Eb7', 'G7']"
Metal,"['A', 'E', 'B7', 'A', 'Cm6', 'G/B', 'A', 'Cm6', 'G/B']"
Metal,"['F#7', 'A']"
Metal,"['F#', 'B', 'F#', 'F#m7', 'F#']"
Metal,"['Bb7', 'Ab7', 'Eb7', 'Bmaj7', 'C#']"
Metal,"['E7', 'E', 'N']"
Metal,"['Eb6', 'D', 'Cm7']"
Metal,"['E6', 'F#m7', 'B', 'F#m7']"
Metal,"['Cm7', 'F', 'Cm7', 'Bb']"
Metal,"['Am7', 'F', 'Bb', 'A7', 'F', 'Bbm', 'A', 'Dmaj7', 'A7', 'Dmaj7']"
Metal,"['A', 'Eb', 'C6', 'Eb', 'Am']"
Metal,"['Ab7', 'Eb', 'Ab/Eb', 'Abm7', 'Eb', 'Ab7', 'Eb', 'Abmaj7', 'Ebm', 'Abmaj7', 'Eb']"
Metal,"['Amaj7', 'Emaj7', 'Bb7', 'Emaj7', 'Bb', 'Emaj7', 'Bb', 'Emaj7', 'Bb', 'A/E', 'Bb', 'A/E', 'Bb', 'Emaj7', 'Bbmaj7', 'E7', 'Bbmaj7', 'Am', 'Bb']"
Metal,"['C#', 'A', 'B', 'E6', 'C#', 'A', 'B', 'C#7', 'F#m7', 'E', 'F#m7', 'E', 'F#m7']"
Metal,"['C/G', 'Am', 'D', 'Am', 'Dmaj7', 'G6', 'A', 'D', 'Am', 'D7', 'G', 'D', 'C', 'Em7b5/D']"
Metal,"['Em7', 'F#m', 'Gmaj7', 'D7', 'E', 'D6']"
Metal,"['Cmaj7', 'Em7', 'C7', 'D', 'Cm7b5', 'Em7b5/D', 'Cmaj7', 'Em7', 'C', 'D', 'E']"
Metal,"['F#7', 'C#', 'F#7', 'A7']"
Metal,"['B7/D#', 'Eb', 'D7', 'Eb', 'D7', 'Eb', 'D/A', 'Ebm6', 'D7', 'Dm6', 'E']"
Metal,"['D7', 'G6', 'D7', 'F6']"
Metal,"['Em', 'F#7', 'G', 'F#m7', 'G', 'F#m7', 'Gmaj7', 'Cmaj7', 'F#dim', 'N']"
Metal,"['D7', 'C', 'Dm7', 'C', 'Dm7', 'C', 'Dm7', 'C', 'D7']"
Pop,"['C', 'G', 'Dm', 'Cmaj7', 'G', 'Dm', 'C', 'G', 'Bbmaj7', 'Am7', 'F', 'C']"
Pop,"['Fm7', 'Fm6', 'F7', 'Cm7', 'Gm7b5/F']"
Pop,"['Gm7', 'Eb', 'D7', 'Gm', 'Cm7', 'Dm', 'Gm', 'Cm7', 'F', 'Bb', 'Ebmaj7', 'Cm', 'D7', 'Gm']"
Pop,"['Bb6', 'C', 'G', 'F6', 'Bb6', 'C6', 'D', 'G']"
Pop,"['C', 'G', 'Am', 'F', 'D', 'Bm7', 'G', 'A', 'D', 'Bm', 'Bb6', 'D/A', 'Bm', 'G', 'A', 'F', 'C', 'G']"
Pop,"['F#', 'Abm7', 'F#', 'Abm7b5', 'F#', 'B', 'F#', 'Abm', 'F#', 'B', 'F#', 'Abm', 'F#', 'B', 'F#', 'Abm', 'Amaj7', 'E']"
Pop,"['G7/B', 'C', 'G', 'F', 'C', 'G', 'F', 'C', 'G']"
Pop,"['Gm', 'Bm7', 'Gm', 'D7', 'G', 'Dmaj7', 'D']"
Pop,"['Ab', 'F#6', 'C#', 'Eb', 'C#maj7', 'Eb', 'C#', 'Eb', 'Ab', 'Fm7', 'Eb']"
Pop,"['F#7', 'A6', 'B', 'A6', 'B6', 'F#', 'E7']"
Pop,"['A/B', 'F#m7', 'A', 'F#m7', 'D', 'E', 'A', 'D', 'C', 'A']"
Pop,"['F', 'G', 'Bbmaj7', 'Gm', 'Bb/C', 'Eb', 'F', 'Gm', 'C7', 'D/A']"
Pop,"['Eb6', 'Bb', 'F/A', 'Ab', 'Eb', 'Cm7', 'Dm7', 'Gm7']"
Pop,"['F', 'Bbm', 'F', 'Bb6', 'Am', 'Gm7', 'Bb/C', 'C', 'Gm7', 'Dm7b5/C', 'C', 'Am7']"
Pop,"['F7', 'Ab', 'Cm7', 'C#m', 'Ebm', 'Ab', 'C#', 'B6', 'Ab']"
Pop,['Abmaj7']
Pop,"['F#', 'C#7', 'Ebm7', 'B', 'Ebm', 'B', 'C#/G#', 'Ebm', 'B', 'C#/G#', 'Ebm', 'B', 'C#', 'Ebm7']"
Pop,"['F#', 'B', 'F#6', 'Bmaj7', 'F#', 'C#', 'Ebm7b5', 'B', 'Ebm7']"
Pop,"['Fm7', 'Ab/Eb', 'C7', 'Fm', 'Abmaj7', 'C#', 'Ab', 'Eb/G', 'Ab', 'Fm', 'Cm7', 'Ab6']"
Pop,"['Cm', 'G7', 'Eb', 'Cm', 'G', 'Eb', 'Fm', 'Cm', 'G7/B', 'Ab6', 'Eb']"
Pop,"['Cm7', 'Abmaj7', 'Cm7', 'Ab6', 'Cm7b5', 'Fm', 'Ebmaj7', 'Ab', 'Cm', 'G7', 'Cm', 'Bb', 'Eb', 'Ab']"
Pop,"['Fm', 'G7', 'Cm', 'Bb', 'Ab', 'G', 'C7', 'G', 'Ab', 'Em7', 'Cm', 'Ab', 'Bb', 'Eb', 'Bb/D', 'C', 'Ab']"
Pop,['Abmaj7']
Pop,"['G7/B', 'Am', 'G6', 'C', 'Em7', 'Am', 'G6', 'Fmaj7', 'G6', 'Fmaj7', 'G', 'C']"
Pop,"['F#7', 'D6', 'F#m7', 'E6', 'Bm', 'C#m7', 'F#m7', 'B', 'C#m7', 'Dmaj7', 'F#m7', 'E6', 'A', 'E6', 'A', 'Ab7/C']"
Pop,"['C/D', 'Em7', 'D/F#', 'G6', 'Am', 'Cmaj7', 'D7', 'G', 'Em7', 'F#aug', 'G6', 'Am7', 'Cmaj7', 'D', 'G', 'Em']"
Pop,"['Am7', 'G', 'C6', 'F', 'G', 'C', 'Am7', 'F', 'G6', 'Am', 'Em7', 'E', 'Am7']"
Pop,"['B7', 'Em', 'Gm', 'F#', 'Bm7', 'Em', 'G', 'F#m', 'G', 'Em7', 'A', 'Bm', 'Em7', 'G', 'F#m7', 'Bm', 'Gmaj7', 'Dmaj7', 'A', 'Bm']"
Pop,"['Eb', 'Fm7', 'Bb', 'Eb', 'Bb/D', 'Cm7', 'Ab', 'Bb', 'Eb', 'Bb/D', 'Cm', 'Ab', 'G', 'Ab6', 'Eb']"
Pop,"['C#', 'Ab/C', 'Bbm7', 'F#6', 'Ab6', 'C#', 'Ab/C', 'Bbm7', 'F#', 'E/B', 'Amaj7', 'C#/D#']"
Pop,"['C#', 'Bbm7', 'F#maj7', 'Abm6', 'C#', 'Bbm', 'F#6', 'Ab', 'C#', 'Bbm', 'F#', 'Ab6']"
Pop,"['C#', 'Bbm7', 'F#maj7', 'Abm6', 'C#', 'Bbm', 'F#6', 'Ab', 'C#', 'Bbm', 'F#', 'Ab6']"
Pop,"['C#7', 'C', 'C#m6', 'A6', 'C#/G#', 'F#m7', 'Ab7', 'A6', 'B6', 'C#m', 'B', 'E']"
Pop,"['C', 'G', 'F', 'Am', 'E', 'C', 'F', 'G', 'F#', 'F', 'Emaj7', 'C', 'G', 'F']"
Pop,"['Cm7', 'Gm7b5', 'F/A', 'Bb', 'F/A', 'Gm', 'Cm7', 'Bb', 'Cm7', 'Bb', 'F', 'Eb/G', 'Bb']"
Pop,"['C#m', 'F#6', 'Abm', 'F#6', 'E', 'F#', 'Abm', 'E', 'F#', 'B', 'C#m7', 'Bmaj7', 'F#', 'Ab']"
Pop,"['C', 'Fmaj7', 'G', 'F', 'Am', 'G6', 'F', 'Am', 'Bb', 'G']"
Pop,['Abmaj7']
Pop,"['C#m', 'Ebm', 'A', 'F#7', 'Ab', 'C#m', 'A', 'B', 'E', 'Abm7', 'C#m', 'Amaj7', 'F#m']"
Pop,"['Emaj7', 'Amaj7', 'Emaj7', 'Amaj7', 'Abm7', 'F#m', 'Amaj7', 'B', 'E']"
Pop,"['Bb', 'Eb', 'Ab', 'Cm', 'F', 'Dm7', 'Eb', 'Bb', 'Cm7', 'Bb', 'Eb']"
Pop,"['Bb', 'Gm', 'F/A', 'Cm', 'D7', 'Gm7', 'Eb', 'Bb6', 'F', 'Bb', 'F7/A', 'Bb', 'Am7b5', 'Bb/D', 'Ebdim', 'Bb']"
Pop,"['Amaj7', 'B', 'C#m', 'A', 'C#m', 'Ebm7b5', 'E', 'F#m', 'A6', 'B7', 'F#m']"
Pop,"['F#', 'B', 'C#', 'F#6', 'Bbm', 'B6', 'C#', 'F#']"
Pop,['Abmaj7']
Pop,"['Ab6', 'C#m', 'Fm', 'Eb', 'C#', 'Eb', 'Fm', 'Eb', 'C#', 'Cm7', 'Fm', 'Eb6', 'C#', 'Eb', 'Fm', 'Abmaj7', 'C#', 'C7/E', 'Fm7']"
Pop,"['Ab6', 'C#', 'F#m7b5/E', 'Fm', 'Eb', 'C#', 'Eb', 'Fm', 'Eb', 'C#6', 'Cm7', 'Fm', 'Eb6', 'C#', 'Eb', 'Fm', 'Abmaj7', 'C#', 'C7/E', 'Fm7']"
Pop,"['Gm7', 'C7', 'Gm7', 'C7', 'G', 'Gm7', 'C6']"
Pop,"['G', 'Eb6', 'Gmaj7', 'F7/A', 'D7/F#', 'N']"
Pop,"['Bmaj7', 'C#', 'Ebm7', 'B6', 'C#', 'F#', 'C#', 'F#/C#', 'Abm7', 'Ebm7']"
Pop,"['F#m7', 'B7', 'C#aug', 'F#m7', 'B', 'C#aug', 'Bm7', 'A', 'E6', 'A6', 'Dmaj7', 'Dm']"
Pop,"['Gm7', 'C7', 'G', 'Gm7', 'C', 'Bbmaj7', 'C7', 'Gm7', 'C/G', 'Dm7b5/C']"
Pop,['Ebm7']
Pop,"['C7', 'Abm', 'Eb6', 'Ab6', 'C', 'Dm', 'Cmaj7']"
Pop,['Cm']
Pop,"['Abm', 'Eb', 'Bbm7b5/Ab', 'Abm7']"
Pop,"['Ab6', 'C#maj7', 'C#m7', 'Abmaj7']"
Pop,['Ebm7']
Pop,"['F#m', 'Bm7', 'F#m', 'Bm7', 'F#m', 'Bm7', 'F#m']"
Pop,"['Ab6', 'C#maj7', 'Abmaj7', 'N']"
Pop,['Cm']
Pop,"['Bbm7', 'Ab/Bb', 'Bbm7', 'Abmaj7', 'Fm']"
Pop,"['Emaj7', 'C', 'Emaj7', 'Cm', 'Emaj7', 'Eb7', 'Abm', 'C#m7', 'Eb', 'Abm', 'C#m', 'Ebaug', 'Bbm7b5/Ab']"
Pop,"['Abm7b5', 'Gm7', 'Cdim', 'C', 'Ab7', 'Bbm7b5/Ab', 'Gm7', 'C', 'Abmaj7', 'Bb7/D', 'Gm7', 'C', 'Abmaj7', 'Fm6', 'Gm7', 'C', 'Abmaj7']"
Pop,"['Gm', 'Fm', 'Bb7', 'Eb6']"
Pop,"['C/G', 'Bb6', 'F', 'Am7b5/G', 'Bb6', 'F', 'Am7b5/G', 'Bb6', 'Eb', 'Ab6', 'Bbm7']"
Pop,"['Am', 'Dm', 'G', 'Fmaj7', 'Dm', 'C/E', 'Dm', 'Bbm', 'Ebm7', 'C#maj7']"
Pop,"['Em7', 'Bb7/D', 'Em7', 'A7']"
Pop,"['D6', 'F#7']"
Pop,"['E', 'Cmaj7', 'D6', 'E', 'Cmaj7', 'D6', 'E', 'C6', 'E']"
Pop,"['Bbmaj7', 'Am7b5/G', 'F6', 'F#m', 'Gm7', 'Dm7']"
Pop,"['Em7', 'Bb7/D', 'Em7', 'A7']"
Pop,"['Gmaj7', 'Dmaj7', 'Gmaj7', 'Dmaj7', 'G6', 'Dmaj7', 'Gmaj7', 'Dmaj7', 'G6']"
Pop,"['D/C', 'B7', 'E', 'Gmaj7', 'Cmaj7', 'Bm', 'E', 'Gmaj7', 'F#dim', 'Bm7', 'Em7', 'Cmaj7', 'Bm', 'G6']"
Pop,"['A6', 'Bm7', 'Em7', 'A6', 'Bm', 'G6', 'A6', 'Bm', 'G6']"
Pop,"['B', 'F#m6', 'Fm7b5', 'B7']"
Pop,"['Dm', 'F/G', 'Dm7', 'Gm7']"
Pop,['Abm7']
Pop,"['C#m7', 'A6', 'B', 'C#m7', 'B', 'C#m7', 'B', 'F#m', 'B', 'C#m7', 'B', 'A6', 'B', 'C#m7b5']"
Pop,"['Gm7', 'C7', 'Gm7', 'C7', 'G', 'Gm7', 'C6']"
Pop,"['F6', 'Bb6', 'G7/B', 'F/C', 'Dm', 'C', 'Fmaj7', 'Am7', 'Bb6', 'Bdim', 'F/C', 'Dm', 'C6', 'F']"
Pop,"['Bm7', 'Abm7b5', 'Em', 'F#m7', 'Bm', 'Bbaug', 'D', 'Abm7b5', 'Em', 'F#m7', 'Bm']"
Pop,"['Eb', 'Ab', 'Bbm', 'C#maj7', 'Bbm7', 'Fm7', 'Eb', 'Ab', 'Cm', 'Fm7', 'Bbm']"
Pop,"['C', 'D', 'G', 'D', 'C', 'G', 'D', 'C', 'D', 'Am7', 'G', 'D', 'Am', 'G', 'D']"
Pop,"['Gm7', 'Gm7b5', 'G6', 'Gm']"
Pop,"['D', 'G', 'D', 'A7/C#', 'Gmaj7', 'G6', 'A6', 'Gmaj7', 'A', 'G/D', 'D', 'G6', 'A6', 'Bm7']"
Pop,"['D7', 'G', 'Em7', 'G/D', 'C', 'G', 'Em7']"
Pop,"['D', 'Am7', 'D6', 'Em7', 'G7', 'D6']"
Pop,"['D', 'Dm', 'Am7', 'D', 'Dm', 'Am7', 'D', 'F6', 'D', 'Bbmaj7', 'C', 'D', 'Em7b5', 'D']"
Pop,"['D7', 'G', 'Em7', 'G/D', 'C', 'G', 'Em7']"
Pop,"['Abm7', 'F#', 'C#m', 'B6', 'F#6', 'C#m', 'B', 'F#6', 'E', 'F#', 'E', 'F#']"
Pop,"['Cm7', 'Bb', 'Cm7', 'Bb', 'Abmaj7', 'F/C', 'Bb', 'Ab6', 'Cm']"
Pop,"['Cm', 'Bb6', 'C#maj7', 'Bbm', 'Cm', 'C#maj7', 'Bbm6', 'Fm']"
Pop,"['Ebmaj7', 'Ab', 'Eb', 'C#', 'Ab/C', 'Bbm', 'C#', 'Bbm', 'Bb6', 'Eb', 'Ab', 'Abmaj7', 'Fm7']"
Pop,"['Dm7', 'G', 'F', 'Am7', 'G', 'Dm7', 'Am7', 'Bbmaj7', 'Dm7', 'Gmaj7', 'Abmaj7', 'Dm7b5/C', 'C', 'F', 'G/A', 'Abmaj7']"
Pop,"['Fm7', 'Bb', 'Gm7', 'Ab6', 'Eb', 'D7', 'Gm', 'Ebm7', 'Cm7', 'Bb/D', 'Eb7', 'Bb/F']"
Pop,"['Bb6', 'Am7', 'G7', 'Am7', 'D7', 'Dm', 'N']"
Pop,"['C6', 'Am', 'E7/G#', 'Am7']"
Pop,"['Cdim', 'C#m7', 'B7', 'E', 'Amaj7', 'B7', 'Cmaj7', 'C#m7', 'Amaj7', 'C#m7b5/B', 'E', 'B/D#', 'C#m7', 'Abm7', 'Amaj7', 'F#m6']"
Reggae,"['C#m', 'F#m', 'D', 'A', 'C#m', 'F#m', 'D6', 'A', 'F#m', 'D/A', 'C#m', 'Bm7']"
Reggae,"['F#maj7', 'C#', 'Ab', 'Bbm7', 'F#', 'C#', 'Fm', 'F#maj7']"
Reggae,"['D', 'Bm', 'Em', 'Bm', 'Em', 'Bm', 'Gmaj7', 'F#m', 'Em']"
Reggae,"['A', 'D', 'A', 'E', 'A6', 'D', 'A', 'E']"
Reggae,"['A', 'A6', 'Dmaj7', 'C#m', 'E/B', 'F#m', 'Dmaj7', 'C#m', 'Bm7', 'F#m', 'A', 'F#']"
Reggae,"['Cm', 'Cm7']"
Reggae,"['E', 'A/C#', 'D', 'E7/G#', 'A/C#', 'D', 'E7/G#', 'A/C#', 'D', 'E', 'A', 'D', 'Amaj7']"
Reggae,"['F6', 'Eb/Db', 'Bb', 'Eb', 'Bb', 'Cm', 'Bb', 'Gm', 'Eb', 'Gm7']"
Reggae,"['Ebmaj7', 'Dm7', 'Gm', 'Eb', 'Dm7', 'Gm', 'Eb', 'Dm7', 'Gm', 'Dm7', 'Gm', 'Cm7', 'Gm7']"
Reggae,"['C#maj7', 'Abmaj7', 'C#maj7', 'Abmaj7', 'C#', 'Abmaj7', 'C#maj7', 'Abmaj7', 'C#maj7', 'Abmaj7', 'C#maj7']"
Reggae,"['Em', 'C', 'G', 'Am', 'C/G', 'Em7', 'C', 'Bm', 'Am', 'G', 'Em', 'C', 'D', 'D6', 'G', 'C', 'G']"
Reggae,"['D', 'Em7', 'Bm', 'Am', 'D7', 'G6', 'Bm', 'Am7', 'D7', 'C', 'D']"
Reggae,['Am7']
Reggae,"['F#m', 'Bm', 'G6', 'F#m7', 'E7', 'G6', 'F#m7', 'E7', 'G', 'F#m7', 'Bm7', 'E7']"
Reggae,"['G', 'Am', 'Dm', 'G', 'Am', 'Dm7', 'Am', 'Dm7', 'Am', 'Dm7', 'Am', 'G/D', 'Am']"
Reggae,"['Bb', 'Eb', 'Bb', 'Eb', 'Bb', 'Gm', 'Bb', 'Gm']"
Reggae,"['D6', 'A', 'Bm', 'D', 'A6', 'Bm', 'E', 'Bm7', 'E6', 'Bm']"
Reggae,"['F#m', 'Bm', 'F#m7', 'Bm7', 'F#m7', 'Bm7', 'F#m', 'Bm7', 'F#m', 'Bm7', 'F#m', 'Bm7', 'F#m', 'Bm', 'F#m', 'Bm7']"
Reggae,"['Dm', 'G/D', 'Am', 'Dm7', 'G/D', 'Am', 'Dm', 'G/D', 'Am', 'Dm7', 'G', 'Am', 'F', 'Am', 'D/A']"
Reggae,"['Ab', 'Bbm', 'Abmaj7', 'Bbm', 'Ab', 'Bbm7', 'Ab7/C', 'Bbm']"
Reggae,"['G6', 'D6', 'G6', 'D', 'Em7', 'C', 'G', 'D', 'G6', 'D', 'Em']"
Reggae,"['G', 'Dmaj7', 'Fmaj7', 'Cmaj7', 'G', 'Dm', 'C', 'G', 'D', 'F6', 'C', 'G', 'D', 'F6', 'C', 'G']"
Reggae,"['A', 'D6', 'A', 'Bm', 'A', 'D', 'Amaj7', 'D6', 'A', 'D/F#', 'Amaj7', 'Dmaj7']"
Reggae,"['Abm', 'Ebm', 'Abm']"
Reggae,"['Bb', 'Cm7', 'Eb', 'F', 'Eb', 'Bb/F', 'F', 'Eb']"
Reggae,"['Dm', 'G6', 'C6', 'Dm', 'G6', 'C', 'Am', 'Dm', 'G', 'C', 'Dm7', 'C/G', 'G/B', 'C']"
Reggae,"['Bm', 'Em', 'Bm', 'F#m7', 'Bm', 'Em', 'Bm', 'F#m7', 'Bm', 'Em', 'Bm', 'Em', 'F#m7', 'Bm', 'Em', 'Bm', 'Em', 'F#m7', 'Bm']"
Reggae,"['Fmaj7', 'Em', 'Fmaj7', 'G6', 'Fmaj7', 'Em', 'Fmaj7', 'G6', 'F']"
Reggae,"['Bbm7b5/Ab', 'F#7', 'Bbm7b5/Ab', 'C#maj7', 'Ebm7', 'C#maj7', 'Ebm', 'C#', 'F#6', 'C#/G#']"
Reggae,"['Bm', 'Em7', 'Bm', 'E6', 'Bm', 'Em7', 'A', 'Bm7', 'E6']"
Reggae,"['C#maj7', 'Ebm7', 'C#maj7', 'Ab7', 'C#maj7', 'Ab7', 'C#', 'Ab7']"
Reggae,"['G', 'Cmaj7', 'G', 'C', 'G', 'C']"
Reggae,"['Em7b5/D', 'Dm', 'Gm', 'Dm', 'Gm', 'Dm7', 'Gm', 'Dm7', 'Gm', 'Dm7', 'Gm', 'Dm', 'Gm7']"
Reggae,"['Abmaj7', 'Eb6', 'Bbm', 'Eb7', 'Fm', 'Ebmaj7', 'C#maj7', 'Bbm']"
Reggae,"['Cm', 'Fm', 'Cm', 'Fm', 'Cm', 'Fm', 'Cm']"
Reggae,"['Dm7', 'Gm7', 'Dm7', 'Gm', 'Dm7']"
Reggae,"['Bm', 'F#m', 'B6', 'F#m', 'B', 'F#m', 'B6', 'F#m', 'Bm', 'F#m', 'Bm']"
Reggae,"['D/E', 'Em7', 'A', 'Cmaj7', 'A6', 'Em7', 'D/A', 'C', 'D/E', 'Cmaj7', 'D/E', 'C', 'D/E', 'C', 'G/A', 'D/A', 'Cmaj7']"
Reggae,"['Emaj7', 'A6', 'Abm7', 'A/E', 'Abm7', 'E6', 'F#m', 'Abm7', 'C7/E', 'B7/D#', 'Em6', 'E/G#', 'F#7', 'Ab']"
Reggae,"['E', 'B7', 'Emaj7', 'F#m6', 'C#m7', 'Ebm7b5/Db', 'C#m', 'F#m']"
Reggae,"['Gmaj7', 'C#m7b5/B', 'F#m', 'Gmaj7', 'Baug', 'D', 'G', 'B7/D#']"
Reggae,"['Bb', 'C#', 'Bb', 'Eb', 'F', 'Bb', 'C#', 'Bb', 'Ebmaj7', 'F', 'Bb', 'C#6']"
Reggae,"['D', 'C6', 'D', 'C6', 'D', 'C', 'D/A', 'C6', 'D/A', 'C6', 'D/A', 'C6', 'D', 'D7']"
Reggae,"['C', 'F', 'C', 'F', 'C', 'F', 'C', 'F', 'C', 'F', 'C', 'F', 'C', 'F', 'C', 'F', 'C', 'F']"
Reggae,"['Abmaj7', 'Ebmaj7', 'Ab', 'Ebmaj7', 'Abmaj7', 'Ebmaj7', 'Eb6']"
Reggae,"['Bb', 'C', 'F', 'Bb', 'Dm', 'Eb', 'F', 'Bbmaj7', 'Ebmaj7', 'Fmaj7', 'Bb', 'Dm', 'Ebmaj7', 'Bb']"
Reggae,"['B', 'F#7', 'B', 'C#m', 'B', 'C#m', 'B6']"
Reggae,"['C/G', 'Dm7', 'C', 'F6', 'Dm7b5/C', 'Gm', 'F', 'Gm', 'Dm7', 'C', 'Dm', 'C/G', 'G7', 'Gm']"
Reggae,"['Gm', 'Gm7']"
Reggae,"['Ab', 'C#', 'Eb7', 'Ab', 'C#', 'Eb7', 'Abmaj7', 'C#', 'Eb7', 'Abmaj7', 'C#', 'Abmaj7', 'C#', 'Eb7', 'Ab', 'C#']"
Reggae,"['B', 'E', 'B', 'F#7', 'B', 'E', 'B', 'F#', 'B', 'Emaj7', 'B', 'F#7', 'B', 'E', 'B', 'F#', 'B', 'Emaj7', 'B', 'E', 'B']"
Reggae,"['D7', 'N']"
Reggae,"['F#/C#', 'F#m7']"
Reggae,"['Dm', 'C#m7b5/B', 'Dm7', 'G6', 'Dm', 'Em', 'Dm', 'Em', 'Amaj7']"
Reggae,"['A', 'D', 'A', 'E', 'A6', 'D', 'A', 'E']"
Reggae,"['Em7', 'Cmaj7']"
Reggae,"['Cm', 'Cm7']"
Reggae,"['Ebmaj7', 'Dm7', 'Gm', 'Eb', 'Dm7', 'Gm', 'Eb', 'Dm7', 'Gm', 'Dm7', 'Gm', 'Cm7', 'Gm7']"
Reggae,"['F#m7', 'Bm', 'E7', 'G6', 'F#m7', 'E7', 'G', 'F#m7', 'Bm', 'E7', 'G', 'F#m7', 'Bm7', 'E7']"
Reggae,"['F', 'Eb/Db', 'Bb', 'Eb', 'Bb', 'Gm', 'Eb', 'Bb', 'Gm', 'Eb6', 'Bb']"
Reggae,"['Em', 'C', 'G', 'Am', 'C/G', 'Em7', 'C', 'Bm', 'Am', 'G', 'Em', 'C', 'D', 'D6', 'G']"
Reggae,"['C#m7b5', 'F#', 'Ab', 'F#6', 'C#']"
Reggae,"['Bm', 'F#m7', 'Bm', 'F#m', 'Bm7', 'F#m', 'Bm', 'F#m', 'Bm', 'F#m', 'Bm', 'F#m']"
Reggae,"['Dm7', 'Gm', 'Dm7', 'Gm', 'Dm7']"
Reggae,"['E6', 'A', 'Bm', 'E', 'Am', 'A', 'Bm', 'E6', 'A', 'D']"
Reggae,"['Bbm', 'Fm', 'Bbm', 'Fm', 'Bbm', 'Fm', 'Bbm', 'Fm', 'Bbm', 'Fm', 'Bbm']"
Reggae,"['Am7', 'G6', 'A', 'G6', 'Am', 'G6', 'Am', 'G6', 'Am7', 'G6', 'Am7', 'G']"
Reggae,"['F', 'G7', 'A', 'F', 'G7', 'Dm', 'F', 'Gmaj7', 'C7/E', 'Dm7', 'G', 'Bb/C', 'A', 'Dm', 'F', 'G', 'F6']"
Reggae,"['G6', 'C6', 'G', 'Am', 'G', 'D7', 'G', 'Am', 'G', 'Am', 'Em7', 'Am', 'G']"
Reggae,"['Bb', 'C#', 'Bb', 'Eb', 'F', 'Bb', 'C#', 'Bb', 'Ebmaj7', 'F', 'Bb', 'Bbm7']"
Reggae,"['Gm', 'Eb7/G']"
Reggae,"['Gm', 'F', 'Gm', 'F', 'Gm', 'Am', 'Gm', 'F', 'Gm', 'F6']"
Reggae,"['D', 'A6', 'Em7', 'D/A']"
Reggae,"['C#aug', 'Bm7', 'Abm7', 'F#/C#', 'Bm7']"
Reggae,"['C#aug', 'Bm7', 'Abm7', 'F#/C#', 'Bm7']"
Reggae,"['F', 'G7', 'Fmaj7', 'G', 'F6', 'G7/B', 'F', 'G7', 'F', 'G', 'F', 'G', 'A', 'G7/B', 'F']"
Reggae,"['Am', 'Em', 'Am']"
Reggae,"['Am', 'G', 'Am', 'G', 'Am', 'Gmaj7', 'Am', 'Gmaj7', 'Am']"
Reggae,"['Cm', 'Gm', 'Cm', 'Gm7', 'Cm', 'Gm', 'Cm7', 'Gm7', 'Cm', 'Gm', 'Cm']"
Reggae,"['Ab/Bb', 'B7/D#', 'Ab/Bb', 'Bbm7b5', 'Fm7', 'C#m', 'C#m7b5/B', 'Eb6']"
Reggae,"['Bm7', 'Bmaj7']"
Reggae,"['Bm7', 'Bmaj7']"
Reggae,"['Bm7', 'Bmaj7']"
Reggae,"['A7', 'Bbmaj7', 'C', 'F', 'Bb', 'A7', 'Bbmaj7', 'C7', 'F', 'Bb', 'A7']"
Reggae,"['F', 'Bbm', 'Ab', 'F#', 'C#', 'Ab', 'F#', 'C#']"
Reggae,"['C', 'Fmaj7', 'G', 'C', 'Faug', 'C', 'F', 'Dm6', 'C', 'G7', 'C', 'F6', 'G', 'C']"
Reggae,"['F', 'Am', 'G/A']"
Reggae,"['Cmaj7', 'D6', 'Am7', 'G', 'C6', 'G', 'C6', 'Bm7', 'Am7', 'D7']"
Reggae,"['Ebm7', 'C#6', 'Dm7b5', 'F#6', 'C#/G#', 'Ebm7', 'C#6', 'Ebm7', 'C#6']"
Reggae,"['Eb', 'Ab', 'C#', 'Eb', 'Ab', 'C#', 'Eb', 'Ab', 'C#', 'Eb7', 'Ab', 'C#', 'Eb', 'Ab']"
Reggae,"['G/A', 'C/G', 'D', 'G', 'Dmaj7', 'G', 'C/G', 'D', 'G', 'Cm', 'D', 'G', 'C', 'Dmaj7']"
Reggae,"['Gm', 'F', 'G7', 'Fmaj7', 'G', 'F6', 'G7/B', 'F', 'G7', 'F', 'G', 'F', 'G', 'A', 'G7/B', 'Fmaj7']"
Reggae,"['Gm', 'F', 'G7', 'Fmaj7', 'G', 'F6', 'G7/B', 'F', 'G7', 'F', 'G/B', 'F', 'G', 'A', 'G7/B', 'Fmaj7']"
Reggae,"['G/D', 'C/G', 'G/D', 'C', 'G', 'Am', 'Bm', 'C', 'D', 'G/D', 'C', 'G', 'C']"
Reggae,"['Ab', 'Eb', 'Ab', 'Eb', 'Ab', 'Eb', 'Abm', 'Ebm']"
Reggae,"['Ebm7b5', 'Dm', 'G7', 'C', 'G7', 'C', 'F', 'C', 'F', 'C', 'F']"
Reggae,"['F', 'G', 'C', 'F/G', 'C', 'Fmaj7', 'G7', 'C', 'F/G', 'G', 'C', 'Fmaj7', 'G', 'C', 'F', 'Gaug']"
Reggae,"['F', 'Dm7b5/C', 'C', 'F', 'Bb', 'F', 'C7', 'F', 'Fm7', 'Gm']"
Reggae,"['Cm', 'G/D', 'Cm', 'Dm7b5', 'G7', 'Cm', 'Dm7b5', 'G7', 'Cm', 'C', 'G7', 'C']"
Reggae,"['F', 'Cm7', 'Dm', 'F7', 'Cm', 'F', 'Dm', 'F']"
Rock,"['Dmaj7', 'Cm', 'C#/D#', 'Cm', 'Ebm7b5', 'D', 'Dm']"
Rock,"['A6', 'D/A', 'Am', 'D/A', 'Am7b5', 'D/A', 'A']"
Rock,"['Dm7', 'C7', 'D6']"
Rock,"['Abaug', 'C', 'Am6', 'Gm7', 'Fmaj7']"
Rock,"['Am7', 'Am7b5', 'C#', 'D7', 'C6']"
Rock,"['Dm7', 'C', 'D', 'C', 'D7']"
Rock,"['C#6', 'Ab', 'Ebm7', 'C#maj7', 'Ab7', 'F#6', 'Ab/Eb', 'F#', 'Abm', 'Ebm7', 'Abmaj7']"
Rock,"['F/C', 'Dm7', 'C', 'Em', 'Dm7', 'C', 'A/E', 'Dm', 'G', 'Fm', 'Am']"
Rock,"['Am7', 'G', 'A', 'B/A', 'Aaug', 'A7']"
Rock,"['Gmaj7', 'Fm', 'Gmaj7', 'Fm', 'E/B', 'Gmaj7', 'Fm', 'Gmaj7', 'Fm', 'Bm', 'Gm', 'Cdim']"
Rock,"['D7', 'A7', 'G', 'Dmaj7', 'G', 'Am7', 'Gm', 'Bm7', 'A7/C#', 'Dmaj7', 'G6', 'Dmaj7', 'G6', 'D/A']"
Rock,"['Ab', 'Abmaj7', 'Ab7/C', 'C#6', 'Ab', 'Fm7']"
Rock,"['Abm7b5/Gb', 'A', 'C#maj7', 'Abm7b5/Gb', 'Amaj7', 'Abm7b5/Gb', 'A', 'C#m7']"
Rock,"['Eb', 'Bb', 'Eb', 'Gm7', 'Eb', 'Gm7', 'Eb', 'Bb', 'Eb', 'Bb', 'Eb', 'Gm7']"
Rock,"['B6', 'Em', 'B', 'Em7', 'Gmaj7', 'F#maj7']"
Rock,"['G', 'Dm', 'Gm']"
Rock,"['C6', 'E', 'C/G', 'A7', 'G/D', 'Dm', 'A', 'D', 'Gmaj7', 'Cmaj7']"
Rock,"['D', 'A/C#', 'G/B', 'A', 'D', 'A/C#', 'Bm7', 'A', 'G']"
Rock,"['Em', 'F#m7', 'C', 'D7', 'Cmaj7', 'Gmaj7', 'A7', 'Em7', 'F#m7', 'G6']"
Rock,"['E/B', 'A', 'E', 'B', 'A', 'E']"
Rock,"['Ab/Eb', 'Ebm', 'Ab', 'Eb', 'Ab/Eb', 'Bb7', 'Eb', 'Ab']"
Rock,"['C#', 'F#6', 'C#', 'Ab', 'C#', 'F#', 'C#maj7', 'F#6', 'C#', 'F#', 'C#maj7']"
Rock,"['Ebm7', 'Eb', 'Ab', 'Eb', 'Bb', 'Ab', 'Ebm', 'Eb', 'Ab', 'Eb', 'C#']"
Rock,"['Abmaj7', 'Eb', 'Gm', 'Cm', 'Fm', 'Bb7', 'Eb', 'Bb/D', 'Cm', 'Abm', 'Eb', 'Ebdim', 'Fm7b5/Eb', 'Bb']"
Rock,"['D', 'G', 'C', 'G', 'D6', 'G', 'C', 'G/D', 'D', 'Bb', 'Cmaj7', 'D', 'G6']"
Rock,"['C6', 'E7', 'Am7', 'F', 'Bm7', 'Amaj7', 'F7', 'Emaj7', 'Amaj7']"
Rock,"['F', 'Gm', 'Bb', 'Gm', 'F', 'Gm']"
Rock,"['F#6', 'Ab', 'C#6', 'Ab', 'C#', 'Bb6', 'Ebm', 'C#', 'Bbm', 'B6', 'Bb']"
Rock,"['Bb7', 'C#', 'Ab', 'Eb', 'Bbm', 'C#', 'Ab', 'Eb', 'Bb', 'Bb7']"
Rock,"['C', 'F', 'G', 'D', 'C', 'F', 'C']"
Rock,"['Ebm', 'C#m', 'Eb7', 'C#', 'Caug', 'Eb7', 'C#7', 'Ab7', 'Eb7']"
Rock,"['Gmaj7', 'G', 'C', 'G7/B', 'D7/F#', 'G', 'D', 'G']"
Rock,"['Gmaj7', 'D', 'Cmaj7', 'Am7', 'G', 'F6', 'C', 'G7/B', 'Am7', 'G7', 'F', 'Am7', 'Dm']"
Rock,"['A/C#', 'F#m6', 'C#', 'C#m7', 'B', 'A', 'E', 'C#']"
Rock,"['C', 'E', 'F', 'Fm', 'C/G', 'F', 'Fm', 'C/E', 'F', 'G', 'Abdim', 'Am']"
Rock,"['A', 'E', 'A', 'E', 'Bm7', 'E7', 'Bm7', 'B6', 'A', 'Bm7', 'A']"
Rock,"['Fmaj7', 'Dm', 'G6', 'Gm7', 'Caug', 'F', 'Dm', 'G7', 'Bb6', 'C', 'Dm7', 'G7', 'C', 'F', 'Bb', 'C', 'Bb6', 'A7', 'Dm']"
Rock,"['C', 'Fmaj7', 'C', 'Bb', 'C', 'G', 'C', 'G7', 'C']"
Rock,"['B', 'E', 'F#', 'C#7', 'B', 'F#m7', 'C#', 'Abm', 'F#', 'C#7', 'Bmaj7', 'C#6']"
Rock,"['D', 'Dm7', 'Bm7b5/A', 'A', 'A7', 'D']"
Rock,"['C', 'C#', 'Dm7', 'Eb', 'Em7b5/D', 'Dm7b5/C', 'C#7', 'D7', 'Eb7', 'Dm7', 'Am7']"
Rock,"['C', 'Bbm6', 'Am7', 'Bbm6', 'Am7', 'C#maj7', 'C']"
Rock,"['F', 'G7', 'Am7', 'F', 'Gmaj7', 'Am7', 'F', 'G', 'Am7', 'Fmaj7', 'Gmaj7', 'Am']"
Rock,"['C6', 'D', 'C6', 'D7', 'C6', 'D7', 'C6', 'D', 'B7/D#', 'Cmaj7', 'A', 'C/G', 'B7']"
Rock,"['C', 'F', 'C', 'F', 'C', 'F', 'C', 'F']"
Rock,"['Dmaj7', 'Cmaj7', 'F', 'A']"
Rock,"['F/C', 'C', 'Gm', 'A', 'D/A', 'A']"
Rock,"['G', 'Ebm', 'G', 'Dmaj7', 'Gm', 'Dmaj7', 'Bb6']"
Rock,"['A', 'D/A', 'A', 'E', 'A', 'D/A']"
Rock,"['F#m7', 'A', 'D', 'E', 'B7/D#']"
Rock,"['F#6', 'C#7', 'C#6', 'Ebm7', 'C#', 'C#6', 'F#/C#', 'C#', 'Bbm']"
Rock,"['F#', 'Ab', 'C#', 'Ab', 'C#m', 'F#6', 'C#', 'Ab', 'C#']"
Rock,"['Abm7', 'Abm6', 'Abm7']"
Rock,"['F/C', 'C', 'F/C', 'C', 'F']"
Rock,"['Cm7', 'Am7', 'C7/E', 'Eb', 'Gm7', 'Cm', 'Bb6', 'Cm', 'Abmaj7', 'Cm7', 'Cm']"
Rock,"['Am7', 'F', 'Am']"
Rock,"['Em', 'E', 'A/C#', 'D/A', 'E7', 'A', 'Em', 'A/C#', 'D', 'E', 'A/C#', 'D/A', 'E', 'A', 'Em7', 'A', 'D6', 'E']"
Rock,"['G7', 'Dm7', 'G7', 'Am7', 'G', 'Dm', 'Am7', 'Bm7b5', 'G6', 'Bm7b5', 'G7']"
Rock,"['Cm', 'G7', 'Eb', 'G/B', 'Cm', 'G7', 'Cm', 'Bb', 'Abmaj7', 'Bb', 'C', 'Bb7', 'Ab', 'Bb6', 'Fm7', 'Eb/G', 'Ab6', 'Bb6', 'C']"
Rock,"['C', 'Gmaj7', 'Bm7b5/A', 'E', 'Cmaj7', 'Bm7b5/A', 'Cmaj7', 'Bm7b5/A', 'Cmaj7', 'Gmaj7', 'A', 'E', 'Bm', 'G', 'A', 'Cmaj7']"
Rock,"['Am7', 'G6', 'Dm7', 'Fmaj7', 'Bm7', 'Am7']"
Rock,"['Dm', 'C6', 'Bm7', 'Am', 'C6', 'Bm7', 'Am']"
Rock,"['C#m7', 'Abm7']"
Rock,"['C', 'G', 'C7', 'Fm', 'G', 'C7', 'Fm', 'Eaug', 'Eb6', 'Dm7b5', 'C#6', 'G', 'Fm', 'Eaug', 'Eb', 'G/D', 'C#maj7', 'C', 'Fm']"
Rock,"['Gmaj7', 'D', 'C', 'Bb', 'C', 'Bbmaj7', 'C', 'Bbmaj7', 'C', 'Bb', 'C6', 'Bb', 'C', 'Bb', 'C', 'F7', 'Eb6']"
Rock,"['C#/G#', 'Eb', 'F#', 'B/F#', 'D', 'Gm', 'C#maj7', 'Eb', 'F7', 'C#', 'Eb', 'C#6', 'Bmaj7', 'D', 'Gm7', 'C#maj7', 'Eb', 'F7', 'F#', 'C#/G#', 'Eb']"
Rock,"['F', 'C', 'G', 'Am6', 'Dm', 'G', 'Cmaj7', 'D', 'G', 'F', 'Em', 'Adim', 'D', 'G', 'C/G', 'D', 'G']"
Rock,"['F#m7', 'B', 'F#m7', 'Bm7', 'F#m7', 'Bm7', 'G', 'A', 'D', 'A', 'B7', 'G', 'D', 'Gmaj7', 'A']"
Rock,"['F6', 'A', 'E', 'Dm', 'A', 'B7', 'Em7', 'D/A', 'Fmaj7', 'Em', 'D/A', 'Fmaj7', 'A/E', 'G6', 'D/F#', 'E', 'A', 'E']"
Rock,"['Am7', 'Em', 'A', 'G', 'D', 'A7']"
Rock,"['A', 'D6', 'Am7', 'G/A', 'D', 'Em', 'D', 'A', 'Bm7b5/A', 'A', 'G', 'A', 'G', 'D', 'E']"
Rock,"['F6', 'C6', 'Gm7', 'Dm7', 'Gm7', 'F6', 'Gm7', 'F6']"
Rock,"['G', 'Bm7', 'Am7', 'Bm7', 'G', 'Bm7', 'Am', 'B7', 'G', 'Bm7', 'Am7', 'B7', 'G', 'D']"
Rock,"['Gm7', 'C7/E', 'G7', 'Gm', 'G', 'Gm7', 'C']"
Rock,"['G6', 'Am', 'G', 'Am', 'G', 'Am7', 'G', 'Am7']"
Rock,"['E7', 'A7', 'F#maj7', 'E7', 'Am7', 'E7', 'Am7']"
Rock,"['D', 'A', 'E6', 'Bm7', 'Dm', 'A', 'Abaug', 'A/E', 'Bm7', 'Dm6', 'A', 'C#m', 'F#m']"
Rock,"['Abm7', 'C#/G#', 'F#6']"
Rock,"['Cmaj7', 'Dm7', 'C', 'Dm', 'C', 'Dm']"
Rock,"['Gmaj7', 'C/G', 'Gmaj7', 'C6', 'D', 'Em', 'D/E', 'C']"
Rock,"['Eb', 'Ab', 'Bb', 'Cm', 'Eb', 'Ab6', 'Bb', 'Cm7', 'C#', 'Bb', 'Eb', 'Bb', 'Cm7', 'Bb6']"
Rock,"['Ab', 'Bb6', 'Abmaj7', 'Gm7', 'Ab', 'Bb']"
Rock,"['C/G', 'G', 'Am7', 'G7', 'C/E', 'Am', 'G', 'F', 'G/F', 'F', 'G']"
Rock,"['A', 'Bm', 'G', 'A', 'Bm', 'Em7', 'D', 'A', 'Bm', 'G', 'D/A', 'A', 'Bm', 'Em7', 'D']"
Rock,"['C/G', 'Gmaj7', 'Bm7', 'G', 'D', 'C', 'Am7', 'D', 'Em', 'D/E']"
Rock,"['C', 'Dm', 'C/D', 'Bb', 'C', 'F', 'C/E', 'Dm', 'C', 'Bb', 'C6', 'Dm', 'Gm7', 'F/C', 'C', 'F']"
Rock,"['D6', 'A', 'Dmaj7', 'Bm7', 'A', 'D6', 'G', 'Dm', 'G6', 'D6']"
Rock,"['Em7', 'D', 'Em7', 'G', 'D', 'C', 'Em7', 'G', 'D', 'C', 'Em', 'G']"
Rock,"['C', 'G', 'Dm7', 'G', 'Dm7', 'G', 'Dm7', 'G7', 'Am7', 'Fmaj7', 'C']"
Rock,"['G', 'Bm', 'C', 'G', 'C', 'D', 'Em', 'D', 'G', 'Em', 'C', 'G', 'Em', 'D', 'C']"
Rock,"['C', 'C6', 'F', 'Bb6', 'F', 'Cmaj7', 'F', 'Bb', 'F', 'C', 'F', 'Bb']"
Rock,"['Dmaj7', 'E', 'D6', 'E', 'A/E', 'D6', 'E']"
Rock,"['C#maj7', 'Eb6', 'Ab6', 'Eb', 'C#maj7', 'Eb6', 'Ab', 'C#6']"
Rock,"['Bmaj7', 'Abm7', 'F#', 'Bmaj7', 'Abm7', 'F#']"
Rock,['F#']
Rock,"['D', 'G', 'D', 'Gmaj7', 'D', 'G']"
Rock,"['A', 'C#m', 'D', 'E', 'A', 'C#m']"
Rock,"['B', 'Gmaj7', 'Em7', 'D', 'C6', 'B', 'G', 'D', 'C']"
Rock,"['C6', 'F', 'C6', 'G', 'C/G', 'F', 'C6']"
Rock,"['B', 'A', 'E/B', 'E', 'B', 'A', 'B', 'E', 'B']"
